id,first_name,last_name,last workshop (days),last coaching session (days),manager survey (on track),self-eval (on track),assignments (on track),withdrawal
1,Lethia,Cargenven,50,56,false,true,false,false
2,Gabbie,Woodburne,48,52,true,true,false,true
3,Sonya,Lomb,59,19,false,true,true,false
4,Dalila,Rome,8,48,false,false,true,false
5,Neville,Runnacles,35,19,true,false,false,true
6,Giacomo,Frye,33,9,true,true,true,false
7,Shannan,Catterill,33,26,true,false,false,true
8,Vin,Tapply,60,14,true,false,false,false
9,Pierrette,Lethley,18,11,false,true,true,false
10,Constancy,Gornal,52,45,false,false,false,true
11,Elmer,Haughian,26,55,false,true,false,true
12,Winston,Niblo,12,19,false,true,false,true
13,Brew,Leupold,60,29,true,true,false,false
14,Tucker,Ferroni,52,17,false,true,true,false
15,Ware,Egginson,30,1,true,false,false,true
16,Perle,Ravenscroft,34,31,true,true,false,false
17,Adriana,Scrinage,55,54,false,true,false,false
18,Daniel,Wartnaby,58,38,true,false,true,true
19,Jerrylee,Everleigh,49,43,true,false,true,true
20,Jannel,Hearne,36,34,true,false,true,false
21,Elliot,Phizackerly,39,14,true,true,true,false
22,Lem,Charnick,58,24,false,true,false,false
23,Leonidas,Blewmen,53,9,false,false,true,false
24,Anstice,Freezor,54,3,true,true,true,false
25,Pepe,Picott,29,30,false,true,false,true
26,Saxon,Maior,45,23,false,true,true,false
27,Frederico,Poschel,54,46,false,true,false,true
28,Jareb,Slora,46,19,true,true,false,false
29,Vasily,Simonnin,47,14,true,true,false,false
30,Jo ann,Urch,17,8,false,false,false,false
31,Dani,Gianettini,44,53,true,true,false,false
32,Yance,Fordyce,3,40,true,true,true,true
33,Kakalina,Gypson,9,46,false,true,false,false
34,Hallsy,Martinson,40,27,true,true,false,false
35,Trevar,Dyhouse,51,23,true,false,true,false
36,Daisey,Scolding,4,38,false,false,false,true
37,Gisella,Houseman,1,52,false,false,false,false
38,Peggi,Elcy,17,22,true,false,false,true
39,Britt,Basson,26,42,true,true,true,true
40,Nikolaos,Morlon,3,36,true,false,false,true
41,Pegeen,Goggin,7,50,true,true,true,true
42,Jake,Tidmarsh,28,37,true,false,false,false
43,Emelina,Batterbee,39,56,false,true,false,false
44,Alleyn,Huc,15,50,false,true,true,false
45,Gale,Berggren,7,23,true,true,false,false
46,Albert,De Bruyn,24,58,true,true,false,false
47,Jerrie,Stovold,29,42,false,false,false,true
48,Tami,O'Bradden,51,37,false,false,false,true
49,Missie,Bachelar,15,17,false,true,true,true
50,Lorraine,Chisnall,57,55,true,true,true,true
51,Elyssa,Merman,37,48,true,true,false,false
52,Silvanus,Beauchop,35,43,false,false,true,true
53,Mathew,Dawes,30,14,true,true,false,true
54,Jayme,Hurtic,47,47,true,true,true,false
55,Crista,Beaford,21,21,false,true,true,true
56,Pebrook,Bener,42,23,true,true,true,true
57,Lek,Downing,26,54,false,true,false,false
58,Shamus,Buckie,23,13,false,false,false,false
59,Natal,Whall,26,38,true,true,true,true
60,Biron,Vallender,56,24,true,false,true,true
61,Eada,Huard,27,39,false,true,true,true
62,Joachim,MacCroary,15,30,true,true,true,true
63,Kinsley,Mullins,27,59,true,true,false,false
64,Marthena,Bengefield,16,34,true,false,false,true
65,Marina,Fibbens,7,43,true,false,true,true
66,Sanderson,Drewe,47,48,false,true,true,false
67,Osbourne,Ridgwell,3,23,false,true,false,true
68,Lesly,Eldrid,15,19,false,false,true,false
69,Winthrop,Gaylord,48,23,false,true,false,true
70,Bartholemy,Adenet,30,36,true,true,true,false
71,Georgia,Chace,54,10,false,true,false,true
72,Win,Lodder,33,53,true,false,false,false
73,Warden,Fancy,10,24,true,true,false,false
74,Norry,Humphrys,38,14,false,false,true,false
75,Shea,Pouck,7,47,false,false,true,true
76,Efren,Legerwood,6,60,false,true,false,false
77,Rania,Lindsell,36,36,true,true,false,false
78,Julita,Toten,40,1,true,true,true,true
79,Eddy,Krelle,14,56,true,false,false,false
80,Alyse,Royall,41,9,true,false,false,false
81,Robbyn,Jobling,18,32,false,true,true,true
82,Marline,Docker,22,38,true,false,false,false
83,Reggie,Benezet,11,43,false,false,true,false
84,Warren,Rigney,37,8,false,false,false,false
85,Nora,Hardson,55,11,true,true,true,true
86,Karlotta,Andersch,7,47,true,false,true,false
87,Adelaide,McMurdo,48,45,true,true,true,true
88,Durant,Saddington,2,21,true,false,false,true
89,Berkeley,Bickley,60,3,true,false,false,false
90,Sherye,Salmons,58,10,false,true,false,false
91,Morissa,Bedder,43,29,false,false,true,true
92,Raviv,Kilgrove,32,46,true,true,true,false
93,Beauregard,Puleston,34,45,false,false,false,false
94,Christiano,Villa,16,34,true,true,false,true
95,Dulcine,McQuin,54,36,true,false,false,false
96,Grazia,Hellens,54,45,false,true,true,false
97,Carmella,Culpan,35,21,false,true,true,true
98,Olympe,Van Schafflaer,45,26,false,false,false,true
99,Tess,Grzelak,30,39,false,false,true,true
100,Franciska,Hegg,57,6,false,false,true,false
101,Verene,Coenraets,3,41,true,false,false,false
102,Merrick,Safont,7,33,true,false,true,false
103,Karina,Moorfield,10,26,false,true,true,false
104,Augie,D'Alessio,6,57,false,true,false,true
105,Lockwood,Meriot,60,57,true,true,false,false
106,Ronnie,Albone,13,32,true,true,false,false
107,Ulrike,Diss,15,51,true,true,true,false
108,Paulie,Beames,23,4,false,true,true,false
109,Linell,Devigne,43,17,true,true,false,false
110,Elka,Waliszewski,18,35,true,true,true,false
111,Alva,Borrow,41,19,true,false,false,true
112,Colas,Poynser,33,58,true,true,false,false
113,Ethyl,Piotrowski,35,30,false,true,true,false
114,Donna,Blofeld,44,29,false,false,false,true
115,Betta,Nolan,23,1,true,true,false,false
116,Ainsley,Cloney,8,32,false,true,true,false
117,Astra,Frudd,5,45,false,true,false,true
118,Jeniece,Challoner,7,45,true,true,false,true
119,Olia,Liger,44,43,false,false,false,true
120,Catlin,Fosserd,13,40,false,true,true,false
121,Garrett,Rotge,7,38,true,false,true,false
122,Piper,Rowsel,42,48,false,false,false,true
123,Rhetta,MacAless,19,32,false,false,true,true
124,Isaiah,Bewsey,38,57,false,true,false,true
125,Chariot,Pershouse,14,57,true,true,true,false
126,Mariel,Izen,17,53,true,true,true,true
127,Anica,Lindeboom,46,14,true,false,false,false
128,Gayler,Bril,22,21,false,false,true,false
129,Powell,Winder,41,32,true,false,false,true
130,Alexis,Dodworth,23,25,true,false,false,true
131,Fidel,Beall,38,24,false,false,true,true
132,Brodie,Gladwin,20,7,true,true,true,false
133,Reine,Kervin,9,3,true,false,true,true
134,Addi,Agar,17,30,true,true,true,false
135,Hinze,Sapseed,42,40,false,false,false,false
136,Bernetta,Boken,23,33,false,false,false,true
137,Pen,Clappison,35,1,true,true,true,true
138,Crissy,Trehearne,18,16,true,true,true,true
139,Egbert,Shaddick,18,57,true,false,true,true
140,Viva,Melluish,20,57,false,false,true,false
141,Lothario,Bumby,51,48,true,true,true,false
142,Ikey,Troak,29,33,false,false,true,true
143,Clevie,Rivalland,34,58,false,false,true,false
144,Clark,Please,21,9,true,false,true,true
145,Suellen,Bedford,46,58,false,false,true,true
146,Barbabra,Mullinder,19,21,false,true,true,false
147,Bria,Lainton,14,20,false,false,true,true
148,Abigail,Bulch,6,3,false,false,false,true
149,Kerr,Gunner,10,1,false,false,false,true
150,Dill,Mulvin,48,26,false,true,true,false
151,Merola,Pods,54,56,true,false,false,true
152,Grazia,Polino,17,35,false,true,true,true
153,Sandi,Kilbride,40,39,true,true,true,true
154,Lewiss,Larcher,33,1,true,true,false,false
155,Elyn,Trench,21,40,true,false,true,false
156,Una,Grieswood,30,38,true,true,false,true
157,Ede,Hedge,18,39,true,false,true,true
158,Gwyn,McGeaney,25,41,true,true,true,true
159,Elizabet,Reimer,59,46,false,false,false,true
160,Modestine,Sprowles,46,32,false,false,false,true
161,Conni,Aykroyd,15,39,true,true,true,false
162,Elisha,Kiendl,49,46,false,false,true,true
163,Aggi,Caulier,7,47,true,true,false,false
164,Robby,Huey,28,2,false,false,true,false
165,Deni,Bulluck,50,16,true,true,true,false
166,Nickolas,Weatherhogg,21,37,true,false,true,false
167,Shelba,Hedaux,23,44,false,false,true,true
168,Beverlie,O' Culligan,48,59,true,true,true,false
169,Siegfried,MacGebenay,22,58,false,true,true,false
170,Moselle,Madine,37,12,true,true,true,false
171,Quinn,Arcase,30,5,true,false,false,false
172,Ralina,Domsalla,33,55,true,true,true,false
173,Ali,Deards,60,3,false,true,true,true
174,Haskell,Reardon,29,48,true,true,false,false
175,Merilyn,Sperring,54,50,false,true,false,true
176,Hugo,Tiler,53,56,true,false,true,true
177,Jasmina,Wrankling,53,53,false,false,false,false
178,Conney,Mulford,23,5,true,false,false,true
179,Martelle,Tuttiett,16,18,false,false,true,true
180,Devlin,Fennelow,14,10,false,false,true,true
181,Eolanda,Forcade,13,15,false,true,true,true
182,Filmore,Schowenburg,31,25,true,false,true,false
183,Cesya,O'Hartagan,54,32,false,false,false,false
184,Nita,Paula,42,51,true,true,false,true
185,Nolie,Yardy,9,24,true,true,false,true
186,Matthias,Gebhard,24,22,true,true,false,true
187,Jazmin,Rosberg,57,42,false,true,true,false
188,Zita,Chasemore,58,30,true,false,true,false
189,Brigitta,Dreher,8,58,false,true,false,true
190,Irina,Faraker,34,21,true,false,true,false
191,Beck,Klimke,44,28,true,false,false,true
192,Rodi,Hasley,14,2,false,false,false,true
193,Ethel,Caulier,13,54,true,false,false,false
194,Ellette,Edess,21,38,false,true,true,true
195,Mozelle,McIlharga,32,54,true,true,true,false
196,Philis,Kenworthy,3,17,true,true,false,true
197,Marcile,Lebond,2,4,true,false,true,true
198,Trenton,Zmitrichenko,48,42,true,false,true,false
199,Kendall,Cayzer,50,60,false,true,true,true
200,Vaughn,Jacobssen,2,46,false,true,true,false
201,Eirena,Lemary,3,26,false,false,true,true
202,Hendrick,Jorry,18,51,false,false,false,true
203,Timmy,Ianson,43,34,false,true,false,true
204,Zeke,Ashall,9,28,false,false,true,true
205,Rosemary,Clethro,28,53,false,true,true,false
206,Lezlie,Noteyoung,6,8,false,true,false,false
207,Silvester,Bentsen,58,9,false,true,true,true
208,Anselm,Laimable,42,35,true,true,false,true
209,Curr,Goldsbrough,57,27,true,true,false,true
210,Becca,Heinzel,43,46,false,true,true,false
211,Tades,Roscher,32,1,false,true,false,true
212,Alyosha,Rydings,34,5,true,false,true,true
213,Estrellita,Hunnam,54,30,false,true,true,false
214,Sheffie,D'Adamo,23,45,true,false,true,false
215,Ches,Mannie,56,57,true,true,true,true
216,Byrom,Chalk,13,11,true,false,false,true
217,Brady,Smallridge,42,26,true,false,true,true
218,Tito,Badini,7,16,false,true,true,false
219,Bendicty,Ebbs,29,29,false,false,true,true
220,Joan,Drayton,12,14,true,false,false,true
221,Thorn,Coatman,28,42,false,true,false,true
222,Randy,Haynes,26,31,true,true,false,true
223,Curry,Almeida,22,20,true,true,true,true
224,Tomaso,Stroton,15,10,false,false,false,true
225,Klement,Wybrew,58,17,false,false,true,true
226,Spence,Lathee,13,20,true,true,true,false
227,Miller,Lomansey,27,49,true,false,true,false
228,Tallulah,Yokel,7,39,false,false,true,false
229,Randal,Wallwork,38,14,false,false,true,true
230,Sully,Wedlake,33,55,true,true,true,false
231,Terry,Wiltshire,24,53,false,false,true,false
232,Corty,Bendel,32,30,true,true,true,true
233,Jayson,Poore,36,38,true,true,false,false
234,Murdoch,Tregear,28,24,false,true,true,false
235,Kevan,Klemps,58,20,false,false,false,false
236,Brennen,Breese,27,22,false,true,false,false
237,Obadias,Kernocke,10,7,false,true,false,true
238,Beverley,Litherland,36,22,true,true,false,true
239,Nancy,O'Dowd,24,6,false,false,true,true
240,Gwendolyn,Pountney,25,20,false,true,true,false
241,Anestassia,Matussevich,25,25,false,false,true,false
242,Anastassia,Cresser,5,14,false,false,true,false
243,Odille,Oneill,58,49,true,false,true,false
244,Moyra,Formby,3,32,false,false,true,true
245,Em,Crollman,18,56,true,true,false,true
246,Lonnard,Camacho,24,26,false,true,true,false
247,Goober,Sacco,17,51,true,false,false,true
248,Herby,Purseglove,39,27,true,true,true,true
249,Tani,Ianelli,59,60,false,false,false,false
250,Vannie,Wimp,38,24,true,false,false,true
251,Donn,Eicke,27,10,false,true,true,false
252,Dyan,Stilldale,36,25,false,true,false,true
253,Abby,O'Looney,56,30,true,true,false,true
254,Julius,Garahan,42,47,true,true,true,true
255,Tine,Simms,43,56,false,true,false,true
256,Guido,Carrivick,33,59,false,true,true,false
257,Rica,Pemberton,39,8,true,true,false,false
258,Addie,Hughes,34,12,false,false,false,false
259,Orelee,MacConchie,59,12,false,true,true,false
260,Francis,Torrisi,48,54,false,true,true,false
261,Olia,Charville,31,41,false,true,false,true
262,Markus,Laurenceau,19,39,true,true,true,true
263,Flint,Szymonwicz,48,53,true,false,false,false
264,Philomena,Warwicker,60,35,true,true,false,true
265,Florida,Arnley,29,9,true,false,false,false
266,Any,Langstaff,56,59,false,false,false,true
267,Orbadiah,Peaker,40,27,true,false,false,false
268,Paulie,Sydall,52,13,true,true,false,false
269,Yasmin,Drummond,21,30,false,false,true,false
270,Egon,Shiliton,12,9,false,false,true,true
271,Kennith,McGill,43,38,true,true,false,true
272,Janis,Tarbet,47,48,true,true,false,true
273,Vina,Sidnall,14,23,false,false,true,false
274,Sayre,Bysshe,53,15,false,false,false,false
275,Harvey,Epton,53,46,false,true,false,false
276,Clywd,McCritichie,50,34,true,false,true,true
277,Koral,Ebbetts,4,59,false,false,true,false
278,Normie,Taberer,12,1,true,true,false,true
279,Otes,Lynd,57,60,true,true,false,true
280,Miguela,Ketchaside,37,46,false,false,true,true
281,Boigie,Gosz,39,40,true,true,true,true
282,Ingelbert,Kiggel,41,42,false,true,false,true
283,Tadd,Lawson,12,30,false,true,true,true
284,Alf,Perrycost,43,9,false,true,false,true
285,Bunny,Belfitt,42,18,true,true,false,false
286,Ashlie,Jannex,37,48,false,true,false,true
287,Edyth,De Hooge,54,16,true,true,true,false
288,Gertie,McEnteggart,38,16,true,true,false,false
289,Damara,Gimert,12,18,false,true,false,false
290,Sim,Dand,5,37,false,false,true,true
291,Tarra,Abramcik,50,53,true,true,false,true
292,Johan,Leale,21,7,true,true,false,false
293,Kakalina,Saffin,24,23,true,true,true,true
294,Arman,Klambt,44,11,false,true,false,false
295,Sonia,Hector,27,15,true,true,true,true
296,Gerik,Ulyatt,28,58,false,true,false,false
297,Oneida,Churchin,3,41,false,false,true,true
298,Gusty,Thackwray,33,3,false,false,false,true
299,Feliza,Whiteman,42,31,true,true,false,false
300,Ossie,Klimentyev,21,41,false,false,false,false
301,Vannie,Dewire,54,50,false,true,false,false
302,Anatollo,Sallery,26,32,true,true,true,false
303,Haslett,Lambal,44,30,true,false,false,true
304,Dyann,Seakes,59,52,true,true,false,false
305,Raquel,Fildes,51,12,true,true,true,false
306,Gilbertina,Duke,58,41,false,true,false,true
307,Angie,Jennick,37,32,true,true,true,true
308,Marcella,Aspey,2,47,false,true,false,false
309,Neall,Shakelade,58,2,false,false,true,false
310,Trace,Tailour,32,25,false,true,true,false
311,Biddie,Dulany,25,51,true,false,true,true
312,Kasey,Corre,8,49,true,true,true,false
313,Dahlia,Riguard,26,56,false,true,true,true
314,Rodrick,Nolin,47,38,true,false,true,false
315,Reinaldos,Vernay,54,18,false,false,false,false
316,Julie,Billes,37,35,false,false,true,true
317,Ogdan,Cottee,34,17,false,true,false,true
318,Creigh,Juanes,4,12,false,true,false,true
319,Enrico,Thurborn,43,50,false,false,false,true
320,Roy,Poyle,6,14,true,true,true,true
321,Blanche,Fearney,51,31,true,false,true,false
322,Teddi,McFetrich,53,20,false,false,true,false
323,Adelheid,Morde,10,45,false,true,false,false
324,Sandy,Lambal,6,33,true,false,true,true
325,Lorrie,Dupoy,35,19,true,true,false,false
326,Melessa,Gelling,38,50,false,true,false,false
327,Emogene,Myrtle,41,39,true,false,false,true
328,Margette,Tanslie,13,48,true,false,true,true
329,Frans,Costa,16,48,false,true,false,true
330,Erna,Cardenosa,39,52,false,true,true,true
331,Evered,Aherne,3,1,true,true,false,true
332,Berkley,Moulsdale,3,19,false,true,true,true
333,Eberto,Caldera,46,6,false,true,true,false
334,Katey,Beckmann,53,17,true,false,false,false
335,Ferdie,Bemwell,41,52,true,true,true,false
336,Koo,Honywill,8,33,true,true,false,true
337,Beale,Michiel,10,19,true,false,false,true
338,Marchelle,Pomfret,10,33,false,false,true,false
339,Olly,Cory,20,14,true,false,true,true
340,Odessa,Le Ball,56,41,true,false,false,true
341,Conant,Pestor,6,25,false,false,true,true
342,Caty,Piscopiello,48,12,true,true,false,true
343,Damiano,Felmingham,58,26,false,true,true,true
344,Randie,Messent,46,34,false,true,true,false
345,Isiahi,Munden,21,49,false,false,false,true
346,Aldus,Pigrome,41,59,true,false,true,false
347,Maury,Aronowitz,17,10,true,true,false,true
348,Codie,Havis,54,11,false,true,true,true
349,Jeri,Keilloh,14,24,false,true,false,true
350,Percy,Arno,34,49,false,true,true,true
351,Sharlene,Poulston,26,13,true,true,true,true
352,Eunice,Clift,8,3,false,false,true,false
353,Othilia,Deerness,39,30,false,true,true,true
354,Jedidiah,Palay,58,2,true,false,false,false
355,Aleda,Kaming,27,34,true,false,false,true
356,Skipp,Momery,15,24,true,false,false,false
357,Nathalia,Abrahamsson,26,9,true,true,true,false
358,Kenon,de Vaen,18,54,false,true,true,true
359,Selina,Bines,52,13,true,false,true,true
360,Angeline,D'Ambrogio,11,53,true,true,true,true
361,Granny,Kibel,36,1,false,true,true,false
362,Kevina,Mantripp,30,22,true,false,false,true
363,Auberta,Bedboro,54,42,false,true,false,false
364,Alexio,Siderfin,38,3,true,true,true,true
365,Rawley,Larderot,15,32,false,false,false,true
366,Xylina,Greeson,36,13,false,false,true,false
367,Iris,Abbay,12,5,false,true,false,true
368,Wilfred,Jirik,21,20,true,true,true,false
369,Raynor,Risborough,15,47,false,false,false,false
370,Hanny,McGaugey,9,58,true,true,false,true
371,Artair,Edghinn,16,35,true,false,true,false
372,Abbie,Southcomb,60,7,true,true,false,false
373,Burg,Beazleigh,3,27,false,true,true,false
374,Niki,Jocelyn,17,27,true,false,false,false
375,Zacharie,Bloschke,38,15,true,false,true,false
376,Georgeta,Readwing,59,44,false,true,true,false
377,Cosette,Dossantos,33,58,true,false,false,false
378,Renaud,Cutsforth,41,17,false,false,false,true
379,Elisabeth,Spellman,7,9,false,true,true,true
380,Milena,Mapp,18,46,true,true,true,true
381,Kirby,Teresi,34,25,false,true,false,false
382,Bondy,Lamden,40,59,false,true,false,false
383,Pauly,Carryer,8,18,false,true,false,false
384,Kristoforo,Nigh,59,3,false,false,true,true
385,Marrissa,Padell,24,13,true,true,true,true
386,Willi,Atyeo,42,35,true,true,true,false
387,Vick,Janikowski,20,9,true,true,true,true
388,Pierre,Jukes,35,45,false,true,true,true
389,Joelie,Albutt,9,19,true,false,false,true
390,Jameson,Mc Andrew,1,47,false,false,false,false
391,Algernon,Mateja,19,22,false,true,true,false
392,Bartolomeo,Crolla,24,25,false,true,false,true
393,Nelson,Antowski,16,16,true,true,false,false
394,Chico,Davidovich,15,13,true,true,false,false
395,Martina,Garvie,22,37,true,false,true,false
396,Loleta,Huddles,43,15,false,false,true,false
397,Christoph,Elliker,44,15,false,false,true,true
398,Palm,Boothebie,44,38,false,false,true,false
399,Brianna,Cubbit,36,2,false,false,false,true
400,Aaren,Macenzy,51,12,false,true,true,true
401,Carlin,Pennicard,4,31,true,true,false,false
402,Bartholomew,Wand,11,42,false,true,true,true
403,Rafa,Jindrich,37,1,true,false,false,true
404,Jeffy,O'Glessane,7,18,true,true,false,true
405,Jarret,Mattack,28,53,true,false,false,true
406,Gwennie,Middle,14,20,false,true,true,false
407,Pierette,Garmons,54,7,true,true,true,true
408,Skell,Louw,10,32,false,true,true,true
409,Ferdy,Vardon,51,50,false,false,false,false
410,Evan,Glede,34,23,false,true,false,false
411,Sidonia,Truelove,50,56,false,true,false,true
412,Orlando,Hegg,30,16,true,false,false,false
413,Ravi,Magog,2,21,true,false,false,true
414,Thadeus,Bendix,51,26,false,false,false,true
415,Morna,Blance,22,11,false,false,true,false
416,Wandie,Disley,36,16,true,true,true,false
417,Stephi,Lockery,60,20,true,true,false,false
418,Jaquenette,Toffoletto,33,35,true,true,true,false
419,Renae,Skill,7,2,true,true,false,false
420,Lynde,Strowther,39,60,false,false,false,true
421,Juditha,Folkerd,28,25,true,true,false,true
422,Anthony,Golthorpp,54,38,false,false,false,false
423,Lydia,Priden,36,6,false,true,false,false
424,Fabe,Witherow,50,47,false,false,false,false
425,Beverlee,Kyrkeman,41,16,true,true,false,true
426,Emmalynn,Tampen,30,25,false,false,false,true
427,Sabine,D'Ambrogio,5,8,true,false,false,true
428,Ellerey,Fugere,46,5,false,false,false,true
429,Con,Froom,35,40,true,false,false,false
430,Cesya,Zanre,28,19,false,true,false,false
431,Rodolphe,De Bruijn,20,42,false,false,true,true
432,Carmelina,Baskeyfield,58,14,false,true,false,false
433,Ignace,Stendall,11,40,true,true,false,false
434,Lancelot,Tilbrook,42,9,true,false,false,true
435,Abbot,Buten,28,26,false,true,true,true
436,Quinn,Sinson,20,55,false,true,false,false
437,Kylen,Rude,30,46,false,false,true,false
438,Engelbert,Vink,14,54,false,false,false,true
439,Ann,Kobes,38,2,false,false,true,true
440,Seymour,Clutten,12,52,true,false,true,false
441,Judie,Bernadot,55,42,true,true,false,false
442,Anallese,Sallnow,14,45,false,false,true,false
443,Danita,Connichie,24,26,false,true,true,true
444,Lucinda,Rudman,10,32,false,false,false,false
445,Perry,Killingsworth,16,30,true,true,true,true
446,Irving,Condell,7,35,false,false,true,true
447,Dore,Gimson,56,18,false,true,true,true
448,Ruttger,Hancell,5,26,false,true,false,true
449,Abagael,Braddick,41,59,true,true,false,true
450,Faydra,Wetwood,33,42,false,false,true,false
451,Anett,Lush,12,28,false,false,false,false
452,Lionel,McCauley,31,29,true,true,false,false
453,Baillie,Scriven,33,2,false,false,false,false
454,Gayelord,Spyer,30,50,true,false,false,true
455,Dare,Hebner,31,48,false,true,false,false
456,Alanson,Zecchini,52,9,false,false,true,false
457,Alaster,Waudby,36,49,false,true,false,false
458,Patton,Houndesome,2,49,true,true,false,true
459,Natalya,Jiroudek,18,1,false,false,false,true
460,Tamqrah,Kirkman,32,50,false,false,true,false
461,Pennie,Kirimaa,10,8,true,false,true,false
462,De witt,Cannam,30,49,false,true,true,false
463,Ewen,Setchell,41,39,true,true,false,false
464,Gawain,De Giorgio,48,47,false,false,false,false
465,Colas,Stuckford,35,51,false,false,false,true
466,Almire,Curtoys,56,47,false,false,true,true
467,Jennifer,Damiral,13,23,true,true,true,true
468,Cora,Clemerson,19,9,true,true,false,false
469,Hayley,Bodell,33,32,true,true,true,true
470,Sayers,Lestor,57,46,true,false,true,true
471,Twyla,Kitcatt,28,55,false,true,false,true
472,Aldon,Milkins,19,39,false,true,false,false
473,Winona,Hasely,37,57,true,true,false,true
474,Christoffer,Petford,51,38,false,false,false,false
475,Diego,Orpen,12,31,true,true,true,false
476,Nora,Warnes,42,5,false,true,true,false
477,Fredia,Kerwin,29,12,true,true,true,true
478,Nikolia,Tunder,56,12,true,false,false,false
479,Bar,Duplan,40,53,false,false,true,true
480,Donna,Mylechreest,43,42,true,false,false,true
481,Vernon,Ondrak,48,45,true,false,true,false
482,Alameda,Uppett,33,48,false,true,true,false
483,Evyn,Eliez,10,9,false,true,true,false
484,Ara,Johnston,17,46,true,true,false,false
485,Blake,Critchard,11,13,true,false,false,false
486,Gaynor,Le Grice,35,21,false,true,false,true
487,Leslie,Iczokvitz,56,16,true,true,true,false
488,Annamaria,Scrimshaw,28,27,true,true,true,false
489,Yance,Conklin,3,4,false,false,false,true
490,Katuscha,Scobie,39,48,true,true,false,false
491,Cathyleen,Gorries,31,60,true,true,true,false
492,Keelby,Heaford,6,28,true,false,false,false
493,Jasun,Ansteys,52,46,false,true,true,false
494,Hollyanne,Satcher,19,32,true,true,true,true
495,Belvia,Raiment,32,57,true,false,false,true
496,Ezri,Dechelle,51,49,false,false,true,true
497,Tracie,Renon,34,39,false,true,false,true
498,Fletcher,Tweedlie,55,57,false,false,false,true
499,Miller,Duddin,30,30,false,false,true,true
500,Padriac,Foskew,36,12,true,false,false,true
501,Blondelle,Fripps,22,20,false,false,true,false
502,Lila,Angell,14,42,false,false,false,false
503,Cody,Ranklin,9,8,true,true,true,false
504,Katherine,Simenon,51,10,true,false,false,true
505,Carrissa,Pengelley,3,19,false,true,false,true
506,Lucita,Stanlick,29,14,true,true,false,false
507,Katrinka,Celand,8,12,true,false,true,false
508,Xenos,Rosenblatt,24,15,true,false,false,false
509,Guy,Reary,48,55,false,true,true,true
510,Haleigh,Gwyer,46,16,false,false,true,true
511,Brandyn,Hawkyens,39,9,true,true,true,false
512,Byrann,Charsley,59,10,false,true,true,true
513,Curry,Joyce,57,1,true,false,false,true
514,Christal,Schohier,18,54,false,false,true,false
515,Giorgi,Rhelton,41,16,true,false,false,false
516,Meggi,Neillans,57,1,true,false,true,true
517,Ollie,Althrop,44,16,true,false,true,false
518,Brendan,Gascone,29,5,false,false,false,true
519,Rosalinde,Hatchard,22,26,false,true,false,false
520,Paolo,Bramer,38,47,false,true,true,true
521,Sabra,Blockey,46,31,false,false,false,false
522,Staford,Tharme,15,49,false,false,true,true
523,Daphne,Kenwin,46,28,true,true,true,false
524,Brit,Peyto,55,49,true,true,true,false
525,Woodman,Stoffers,46,23,false,false,false,false
526,Bridgette,Emmanuele,28,34,true,false,false,true
527,Tristan,Spensley,28,45,false,false,true,false
528,George,Mazzey,37,10,true,true,true,false
529,Yank,Cathery,11,22,false,false,false,false
530,Allie,Crichmer,25,53,true,true,false,true
531,Joy,Furtado,40,33,true,false,false,true
532,Simone,Rhead,40,10,true,false,false,false
533,Urban,Credland,46,12,false,false,true,false
534,Kristian,How,39,60,false,true,false,false
535,Janela,Bottleson,56,18,false,true,false,true
536,Ainsley,Jelfs,20,47,true,true,false,false
537,Clemmy,Michieli,40,47,false,true,false,false
538,Cortney,Aizikovitz,5,53,true,false,false,true
539,Casper,Lockhart,33,10,true,true,true,false
540,Krista,Covington,9,56,true,true,false,false
541,Mala,Halfhead,24,51,true,true,true,false
542,Tabb,Dellenbrook,60,16,true,false,false,true
543,Carlen,Devennie,5,52,true,false,true,true
544,Lusa,Boynton,43,42,true,true,true,false
545,Perceval,Tatlock,37,17,false,false,true,true
546,Oswald,De Lacey,47,17,false,true,true,false
547,Barry,Durrett,22,4,true,false,true,true
548,Orren,MacRory,16,9,true,true,true,false
549,Granthem,Kingsnoad,5,29,false,false,true,true
550,Matteo,Angelini,45,47,true,true,true,true
551,Lynna,Davidy,16,5,false,true,false,true
552,Flint,Sola,52,33,true,false,true,false
553,Mellicent,Kybert,13,42,false,false,false,false
554,Susana,Di Pietro,24,34,true,true,true,false
555,Iorgo,Van Merwe,11,11,true,true,false,true
556,Christie,Dearnaly,43,40,false,false,false,false
557,Sandy,Goss,53,6,true,true,true,true
558,Harrie,Furnell,48,23,false,false,false,true
559,Charmain,Zahor,57,56,true,false,false,true
560,Almeta,Vennart,1,51,true,true,true,false
561,Kandy,Pickrill,30,42,true,false,false,false
562,Aksel,Farnworth,29,23,false,false,true,true
563,Karol,Swinnerton,54,54,false,false,true,true
564,Titus,Donnersberg,18,49,true,true,true,true
565,Terry,Deekes,43,53,true,true,true,true
566,Lorrie,Matteoli,32,2,false,true,true,false
567,Dietrich,Rickman,31,34,false,false,true,false
568,Preston,Foffano,3,4,false,false,false,true
569,Pauli,Dmitr,50,17,false,true,true,true
570,Tristam,Gocke,17,45,true,true,true,true
571,Bessie,Minichi,58,57,true,true,true,false
572,Cornelle,Clacey,13,7,true,true,true,false
573,Sallyanne,Brideaux,14,39,true,false,true,false
574,Dudley,Hamil,43,44,false,true,true,false
575,Julietta,Livingstone,20,42,false,true,true,false
576,Guenna,Klais,5,5,false,false,false,false
577,Malissia,Thominga,1,28,false,false,false,true
578,Mac,Bent,56,13,true,true,false,false
579,Hailee,Buckam,12,8,false,false,false,true
580,Calhoun,Giamelli,19,3,true,false,true,false
581,Maiga,Limeburner,12,9,false,true,false,true
582,Aurelea,Fearns,36,16,true,false,true,false
583,Maddy,Triner,51,58,false,false,true,false
584,Drusi,Abdy,35,21,true,true,false,false
585,Edan,Wareing,23,33,true,false,false,true
586,Ginni,Foli,59,45,true,true,false,true
587,Florencia,Albany,36,58,true,true,false,false
588,Ludovico,Oxborough,5,34,false,false,false,true
589,Rey,Innes,16,20,false,false,false,false
590,Obed,Colten,52,18,false,true,false,true
591,Cathee,Phlippsen,23,22,true,false,true,true
592,Orton,Klosges,6,45,true,true,true,false
593,Cortie,Dye,37,49,false,false,true,true
594,Wrennie,Schechter,60,22,false,false,false,false
595,Abe,Corriea,51,59,false,true,false,false
596,Jean,Gosalvez,18,38,false,true,false,true
597,Andie,Semon,26,9,true,true,true,true
598,Shepperd,Mettrick,23,57,false,true,true,true
599,Artair,Searchfield,36,58,false,true,false,true
600,Frankie,Foulgham,30,48,true,true,true,true
601,Cecil,Belfit,29,11,false,false,false,false
602,Christi,Sturte,26,36,false,false,false,true
603,Sylas,Diloway,36,14,true,false,false,false
604,Dodie,Izakson,9,54,false,true,false,false
605,Biddy,Beach,12,26,true,false,true,true
606,Kriste,Branch,57,39,false,true,true,true
607,Robina,Setchfield,26,27,false,true,false,true
608,Abagael,Milley,16,42,true,true,true,true
609,Zsa zsa,McVitie,13,9,false,false,false,false
610,Clement,Camblin,16,53,false,false,false,true
611,Morrie,Stoggell,48,31,false,false,true,true
612,Dido,Zorzini,36,2,false,true,true,true
613,Gertrud,Elsmere,56,7,false,false,false,false
614,Raychel,Gullan,43,58,false,false,true,true
615,Delcine,Trussler,16,25,false,false,true,false
616,Imogene,Bellocht,29,44,false,true,true,true
617,Kirstin,Wyson,50,27,false,false,true,false
618,Tina,Tribell,36,14,false,true,true,false
619,Chilton,Riolfo,6,33,false,false,true,false
620,Magdaia,Simester,41,16,true,false,true,true
621,Linc,Crunden,7,2,false,false,true,true
622,Danyette,Durbin,29,53,true,false,true,true
623,Annmarie,Clipson,58,59,true,false,false,false
624,Berk,Oloshkin,19,53,true,true,false,false
625,Pincas,Codron,44,57,true,false,false,false
626,Maggie,MacNelly,39,50,true,false,true,false
627,Sigismund,Bloxland,36,27,false,true,false,true
628,Merci,MacRannell,35,43,false,true,true,true
629,Davey,Janman,16,42,true,false,true,true
630,Imelda,Gantzman,11,5,false,true,false,true
631,Inga,Thiese,27,35,false,false,false,false
632,Grenville,Eddoes,4,51,true,true,false,false
633,Evonne,Antognazzi,8,20,true,false,false,true
634,Zacherie,Funcheon,30,52,false,false,true,false
635,Angie,Davidzon,8,35,true,false,true,true
636,Howie,Raspison,5,31,true,true,true,true
637,Kalil,Rhydderch,8,57,false,true,false,true
638,Flossie,Breheny,34,32,false,false,true,true
639,Jone,Neild,42,38,true,false,true,true
640,Debi,Dimitriou,50,27,true,false,true,false
641,Jori,Sainteau,14,44,true,false,true,false
642,Russell,Shitliff,53,52,true,false,true,false
643,Marketa,Backs,6,32,false,true,true,false
644,Emilio,Iannini,49,48,false,false,false,true
645,Marcelia,Olivetti,2,7,true,true,true,true
646,Burgess,Halsall,44,39,true,true,false,false
647,Fabio,Eickhoff,51,8,false,false,false,false
648,Tilda,Coe,37,13,true,false,false,false
649,Isiahi,Moyle,58,44,true,true,true,false
650,Evaleen,Woodberry,32,38,true,false,true,false
651,Juieta,Raikes,58,6,true,false,false,true
652,Delmar,Kippen,27,19,false,false,true,true
653,Pier,Crummey,58,9,true,true,false,true
654,Joshia,Hamley,2,56,true,true,false,false
655,Marga,Pfertner,13,45,true,false,false,false
656,Gay,Farens,49,30,true,false,true,false
657,Heidi,Ovington,52,6,true,false,false,false
658,Lauren,Smithend,36,5,true,true,false,true
659,Zollie,Hilhouse,3,17,false,true,true,true
660,Dolley,Quadling,35,1,true,true,false,false
661,Wilfrid,Ricker,51,25,true,false,false,true
662,Hayden,Oakly,29,17,true,true,false,false
663,Adi,McDougal,13,21,false,true,true,false
664,Dredi,Kaasman,1,45,false,true,false,true
665,Lacy,Thombleson,57,43,true,false,false,false
666,Mavra,Whittenbury,16,36,true,false,true,false
667,Chastity,Darby,55,11,true,false,false,false
668,Christin,Doyle,58,13,false,true,true,false
669,Essy,Lloyds,14,49,false,true,false,true
670,Dickie,Giffard,59,41,true,false,true,true
671,Netti,Fumagall,15,53,false,true,false,false
672,Giorgia,Albany,33,12,false,true,true,true
673,Brigham,Estevez,20,46,true,true,false,false
674,Husein,Adshad,40,16,false,true,true,false
675,Garrett,Tomkiss,21,3,true,false,true,false
676,Darsey,Alesio,43,44,true,false,true,true
677,Laughton,Aleksic,34,56,false,false,true,true
678,Alyson,Glaister,27,43,false,true,true,false
679,Cristina,Caldwall,28,18,true,false,false,true
680,Brendin,Lecordier,48,4,true,true,false,true
681,Kristo,Ketch,15,3,false,false,false,true
682,Cody,Lanktree,22,5,true,false,false,false
683,Tynan,Faithfull,42,56,false,true,true,false
684,Constantine,Tunnicliffe,60,2,false,false,true,false
685,Clement,Gillibrand,44,12,true,true,true,false
686,Tobit,Hegel,2,49,true,false,true,false
687,Robinson,Keaves,50,16,false,true,true,true
688,Frankie,Mathias,33,7,false,false,true,false
689,Marlow,Kausche,48,6,true,false,true,true
690,Claiborne,Bilsland,28,53,true,false,false,false
691,Keefer,Kingescot,59,16,true,false,false,false
692,Sylvia,Gimson,41,10,false,true,true,true
693,Joyous,Sweetsur,4,21,true,false,true,true
694,Sanson,Liepmann,46,20,false,true,true,true
695,Milt,Spickett,48,41,true,true,true,true
696,Norri,Wines,39,55,true,true,true,false
697,Willy,Longhorne,32,38,false,false,false,true
698,Butch,Orsi,1,10,true,true,true,false
699,Kirsti,Vasyukhnov,19,57,false,true,false,true
700,Andrej,Anstiss,56,22,true,true,false,false
701,Vinson,Filson,30,43,false,false,true,false
702,Bing,Errey,57,31,false,false,true,true
703,Gardy,Grindall,60,17,false,true,false,false
704,Larissa,Loges,15,51,true,true,true,false
705,Jeana,Hullbrook,34,53,true,true,false,true
706,Antonin,Whitebread,12,43,false,false,true,false
707,Kip,Dinning,60,25,false,false,true,true
708,Odelle,Mulligan,19,3,false,false,true,true
709,Juanita,Brownjohn,8,54,true,false,false,false
710,Cozmo,O'Cahey,20,27,false,true,false,false
711,Freida,Weond,11,5,false,true,false,true
712,Hilly,Grabert,37,8,true,true,false,false
713,Lloyd,Edwins,34,4,true,true,true,true
714,Marylee,Ayres,13,13,true,false,false,true
715,Arv,Sanches,10,19,false,false,false,false
716,Marlow,Wace,38,10,false,true,false,true
717,Jaclyn,Lansly,34,47,true,true,false,true
718,Urban,Johannesson,25,60,true,true,true,false
719,Noam,Madigan,38,46,false,false,false,true
720,Deina,Postin,42,14,false,true,false,false
721,Marcelo,Roubert,54,23,true,true,true,false
722,Cinda,Darth,37,5,false,true,false,false
723,Johnath,Gogin,27,20,true,true,true,true
724,Anne,Ashcroft,50,16,true,false,false,false
725,Allyson,Coatts,6,55,true,true,true,false
726,Noelani,Sauter,51,53,false,true,false,false
727,Rabbi,Vasyuchov,44,51,true,true,false,true
728,Heddi,Pedrol,7,34,false,true,true,true
729,Elysha,Byas,53,48,true,true,true,true
730,Monica,Nazer,25,57,true,true,false,true
731,Dominick,Dyke,35,12,false,true,false,true
732,Nobe,Rozenzweig,19,54,true,true,false,false
733,Ola,Mears,32,31,true,false,true,true
734,Hilda,Kemme,55,47,true,false,false,false
735,Rose,Stranks,58,11,false,false,true,true
736,Garrott,Fursse,12,14,true,false,false,false
737,Normand,Esparza,15,11,true,false,true,false
738,Dav,Bazeley,32,24,true,true,false,true
739,Wilow,Shemmin,2,35,true,false,false,false
740,Whitney,Rawlinson,50,2,true,true,false,false
741,Candice,Goady,11,19,true,false,false,false
742,Lincoln,Dobel,5,16,true,true,false,true
743,Nadine,Jeandeau,23,29,true,true,false,false
744,Teodor,Newlove,10,3,true,false,true,true
745,Jasper,Gerardet,46,48,false,true,true,false
746,Harriett,Nertney,41,32,true,false,true,false
747,Vincenty,Brabender,51,13,true,true,true,true
748,Odell,Dinwoodie,23,23,true,false,false,false
749,Randy,Greenhall,6,27,true,true,false,false
750,Janessa,Creasy,29,38,false,false,true,false
751,Robinia,Lilburn,59,21,true,false,true,false
752,Marshal,Drohan,15,30,false,true,true,false
753,Conni,Reyson,35,49,false,false,true,true
754,Michaelina,Mains,8,16,false,false,false,false
755,Lotte,Songust,34,11,true,false,false,false
756,Rodolfo,Storkes,4,21,true,true,false,false
757,Dore,Witcher,48,30,false,false,false,false
758,Thalia,Romanelli,56,60,true,true,true,false
759,Delmor,Lucian,35,21,false,true,true,false
760,Briney,Spratt,30,2,false,true,true,false
761,Abramo,Glancey,48,58,false,true,false,false
762,Weber,McGinley,14,50,true,true,true,false
763,Tracy,Mardall,43,3,true,false,true,false
764,Ricki,Ousbie,57,14,false,false,true,true
765,Glyn,Wallbank,1,10,true,false,true,false
766,Constancy,Della,12,50,false,false,false,true
767,Mayor,Sheffield,19,27,false,true,true,true
768,Emmalyn,Shambrook,18,41,false,true,false,false
769,Gwenneth,Danick,4,49,false,true,true,false
770,Carny,Dawley,14,12,true,true,true,false
771,Orelee,Careless,44,60,true,false,false,true
772,Clarance,Mattsson,20,29,false,true,true,false
773,Aaren,Girardez,7,15,false,true,true,false
774,Kath,Fincher,57,17,false,true,true,true
775,Kira,Benditt,60,40,false,true,false,true
776,Victoir,Codron,11,23,true,false,true,true
777,Karin,Avrahamoff,32,39,false,false,true,false
778,Lori,Penner,32,50,false,true,false,false
779,Alec,Dolle,16,45,true,false,false,false
780,Raeann,Feld,42,20,true,false,false,false
781,Fern,Pirazzi,40,46,true,false,true,false
782,Kristos,Whitwham,52,28,false,false,false,false
783,Marris,Kime,59,53,false,true,true,true
784,Cristian,Tape,41,54,false,false,true,false
785,Drake,MacGiffin,55,8,false,true,true,false
786,Janey,Island,31,3,false,true,false,false
787,Abbey,Guillond,56,43,true,false,false,false
788,Mitzi,Nowlan,36,12,true,false,false,true
789,Etta,Savege,41,30,false,true,false,true
790,Kristi,Van Castele,4,35,true,true,true,false
791,Francyne,Johnikin,45,3,false,true,false,false
792,Nydia,Durrance,4,16,true,false,true,false
793,Jobi,Prall,23,50,true,true,true,true
794,Hayes,Edmett,19,10,false,true,true,true
795,Claudelle,Jowling,33,29,false,true,true,false
796,Verena,Beaty,48,60,true,false,false,true
797,Tarrance,Wark,32,10,false,true,true,true
798,Ave,Wildsmith,34,59,false,true,false,false
799,Teador,Brogan,25,20,false,false,true,true
800,Olga,Bellelli,60,30,true,true,true,false
801,Laverna,Kaemena,25,27,true,true,false,true
802,Franny,Jedrzaszkiewicz,11,25,false,true,false,false
803,Ronni,Messier,33,1,true,true,true,true
804,Delila,Fenimore,33,33,true,false,true,true
805,Katinka,Kennelly,3,29,false,false,true,false
806,Ignace,Poundford,5,39,true,true,false,false
807,Jelene,Pietrusiak,60,24,false,false,false,true
808,Carline,Gildersleeve,17,33,false,false,true,false
809,Klemens,Haveline,16,10,false,true,true,true
810,Archer,Vauls,16,53,false,false,true,true
811,Cally,Pettet,6,44,false,true,true,true
812,Jaquenette,Symons,23,22,true,true,false,false
813,Danni,Seed,4,48,false,true,false,true
814,Esteban,Hatherill,58,56,true,true,true,true
815,Kellyann,Slograve,15,9,true,true,true,true
816,Laryssa,Benn,15,25,true,false,false,true
817,Fonz,Armfirld,4,9,true,false,true,true
818,Traci,Mochar,5,22,false,false,false,true
819,Merissa,Chumley,38,43,true,true,true,true
820,Gabriele,Gasticke,7,55,true,true,false,true
821,Dew,Rowlinson,32,59,false,false,false,false
822,Rockwell,Binny,43,32,false,true,true,true
823,Tan,MacWhirter,13,2,true,false,true,true
824,Lorne,Vale,57,19,false,true,true,false
825,Dee,O'Henery,19,21,true,false,false,true
826,Araldo,Mansuer,8,5,true,false,true,true
827,Blithe,Guidini,34,47,true,false,false,false
828,Gustave,Jeandillou,42,8,false,false,false,false
829,Sela,Masser,21,10,false,false,false,false
830,Olympie,Farrens,31,46,true,true,false,true
831,Marietta,Dirand,44,14,false,false,false,true
832,Fredia,Criple,11,27,false,false,false,false
833,Elena,MacNab,6,16,true,false,true,true
834,Brendin,Orgel,23,10,false,false,true,false
835,Fremont,Porkiss,56,55,true,true,true,true
836,Elsie,Wear,10,38,true,false,true,false
837,Maxim,Swindon,56,8,true,true,false,true
838,Pascale,Pridham,58,21,false,false,false,true
839,Drusi,Tease,31,2,true,true,false,true
840,Phoebe,MacLaig,7,1,false,true,true,false
841,Harald,Reddie,44,5,true,false,true,false
842,Ugo,Laundon,37,46,false,true,true,true
843,Blinni,Oldam,28,9,true,false,true,false
844,Nelia,Bramwell,40,11,true,false,false,true
845,Worden,Frise,13,35,true,true,false,true
846,Armando,Summerson,37,58,true,true,false,false
847,Mikel,Belone,48,46,false,true,false,true
848,Bert,Gaukroger,38,48,false,true,true,true
849,Kahaleel,Posselow,41,18,true,true,true,true
850,Maury,Wannes,23,27,true,false,true,true
851,Phineas,Sach,49,55,true,false,true,false
852,Izaak,Athy,39,30,true,false,true,false
853,Felice,Wantling,39,56,false,false,false,false
854,Darbee,Faulder,32,58,false,true,false,true
855,Esma,Casel,18,11,true,true,true,false
856,Joan,Lauchlan,55,23,false,true,true,true
857,Stephani,Radnage,36,8,false,false,true,true
858,Gard,Philpotts,52,20,false,false,false,true
859,Edwin,Rentenbeck,20,59,false,false,true,false
860,Katalin,Manzell,56,2,false,true,true,false
861,Erica,Sola,50,47,true,true,true,true
862,Meara,McGarel,54,40,false,false,true,true
863,Evangeline,Huffer,50,53,false,true,true,true
864,Hayes,Turfrey,25,10,true,false,false,false
865,Marjory,Pyford,32,56,false,true,false,true
866,Nestor,Bogies,37,52,false,false,true,true
867,Sandie,Marjanski,52,32,false,true,true,true
868,Sydney,Warboy,22,48,true,true,false,true
869,Simonette,Kusick,25,28,false,false,false,true
870,Daniela,Axston,48,53,true,true,false,false
871,Wainwright,Teideman,33,19,false,true,true,true
872,Mei,Nancarrow,30,57,true,false,true,true
873,Pavla,Addeycott,44,32,false,true,false,true
874,Marcel,Spykins,10,38,false,false,true,true
875,Kaylee,Piotr,10,42,true,true,false,false
876,Peggi,Dukesbury,30,23,true,true,true,false
877,Doralyn,Thayre,31,1,true,false,false,false
878,Barr,Robbings,30,38,false,true,false,true
879,Niko,Thew,40,51,true,false,false,false
880,Corenda,Kenen,2,26,false,false,true,false
881,Dacey,Kits,12,43,false,true,true,false
882,Dalli,Gueinn,56,25,true,true,false,true
883,Anya,Rumbellow,32,51,true,false,true,true
884,Oona,Blunderfield,57,34,false,false,true,true
885,Bethena,Lardeux,50,57,false,true,false,true
886,Noe,Steanyng,55,44,true,true,false,true
887,Claus,Olohan,30,40,false,false,false,false
888,Francesco,Wadham,58,45,true,false,true,false
889,Rosalynd,MacSween,50,26,true,false,true,true
890,Ceil,Churchyard,32,60,false,false,false,true
891,Aile,Nossent,50,50,true,true,false,false
892,Jessica,McGifford,34,14,true,false,true,false
893,Meara,Walklot,22,2,false,false,true,true
894,Laurie,De L'Isle,12,1,true,false,true,true
895,Arvie,Blaschke,6,12,true,true,false,false
896,Dorothee,Adenot,20,59,true,false,true,false
897,Guthrie,Philcock,26,2,false,true,true,false
898,Laetitia,Bradborne,33,52,false,false,true,false
899,Barn,Pirri,1,40,false,true,false,true
900,Gabi,Ruoss,14,43,false,false,true,true
901,Wileen,Astlatt,6,21,true,false,true,true
902,Christos,Goschalk,36,5,true,false,true,true
903,Arvie,Antrack,17,45,false,false,true,true
904,Tam,Hardstaff,29,37,false,true,false,false
905,Willa,Glasscock,8,45,false,true,false,true
906,Juliana,Glewe,45,34,false,false,true,false
907,Henrietta,Kemball,26,13,true,false,false,false
908,Aldus,Toland,50,25,true,false,false,true
909,Kissie,Offord,6,47,false,true,false,false
910,Shir,Betteridge,49,20,true,true,true,false
911,Stan,Polamontayne,25,28,true,true,false,false
912,Gabriel,Fleury,31,58,false,true,true,false
913,Ralf,Law,9,24,true,false,true,false
914,Dagmar,Christoffels,23,59,false,false,false,false
915,Farah,Gaspar,53,20,false,true,true,true
916,Fawne,Farrar,32,40,false,true,false,true
917,Dev,Beadell,24,6,true,true,true,true
918,Catie,Helm,21,6,false,true,true,false
919,Alyson,Kilfeder,41,36,false,true,false,false
920,Joana,Willavoys,40,9,true,false,false,false
921,Kayla,Ronchi,55,22,true,true,false,true
922,Siward,Pinnijar,19,50,false,true,true,true
923,Brianna,Fossord,25,25,false,true,false,false
924,Halli,Hamley,36,7,true,false,false,true
925,Pru,Rahill,32,19,true,true,false,false
926,Mohandis,Skypp,1,27,true,false,false,false
927,Aurlie,Sline,27,51,true,false,false,false
928,Collin,Twyford,20,41,false,false,false,false
929,Stanly,Draycott,55,21,true,true,false,true
930,Jaimie,Chessil,51,25,false,true,true,true
931,Lilli,Muffett,4,38,true,false,true,false
932,Paten,Novacek,13,59,false,false,false,false
933,Claude,Webburn,2,10,true,false,true,false
934,Marigold,Iannuzzi,9,26,false,false,true,false
935,Uri,Wapol,60,52,true,true,false,true
936,Lura,Tomblings,29,12,false,false,false,false
937,Romola,Pawfoot,14,49,true,false,true,true
938,Yorker,Haydn,16,27,false,true,false,true
939,Wood,Moseby,14,13,false,false,true,true
940,Lin,Attwater,25,49,false,false,true,true
941,Clarette,Neylon,37,1,false,false,false,true
942,Pavlov,Barrell,30,19,true,false,false,true
943,Theda,Narrie,50,1,true,false,false,false
944,Patrizia,Bogges,28,42,false,false,true,true
945,Tony,Fusedale,40,53,false,true,false,true
946,Chris,Raspel,58,23,true,true,false,true
947,Sindee,Jorat,7,49,true,false,true,true
948,Nert,Cawsey,28,12,true,false,true,true
949,Andras,Petrakov,35,52,true,false,false,true
950,Thorndike,Weich,18,20,false,false,true,true
951,Yule,Warlawe,30,16,false,false,false,true
952,Aaren,Dosdill,38,39,false,false,false,false
953,Molly,McFade,42,33,false,false,false,true
954,Gerianna,MacAvaddy,38,37,true,true,true,true
955,Artemis,Diaper,44,29,true,false,false,true
956,Clemmie,Gallego,29,54,true,true,true,true
957,Torin,Stern,10,57,true,false,true,true
958,Saw,Ablott,27,17,false,false,false,true
959,Dusty,Goatcher,56,57,true,false,false,true
960,Rachael,Bauer,10,18,true,false,true,true
961,Marnia,Haibel,20,24,true,true,true,true
962,Barnett,Leyden,22,7,true,true,true,true
963,Cathe,Huyge,12,37,false,false,false,true
964,Patrizio,Coil,10,7,false,true,false,true
965,Luci,Tayloe,44,26,false,true,false,false
966,Marcela,Rembrandt,52,8,true,false,false,true
967,Ruperto,Gasquoine,37,22,false,true,true,false
968,Jacynth,Di Napoli,35,7,false,true,true,false
969,Saudra,Newbold,54,14,false,true,false,true
970,Cary,Byrkmyr,52,23,true,true,false,false
971,Brok,Ziems,4,37,false,false,false,true
972,Kirsteni,Quail,19,16,true,true,true,true
973,Yorgo,Kielt,56,26,true,false,true,true
974,Barb,Longstreet,16,59,false,true,true,true
975,Arly,Mantrip,27,45,false,false,true,false
976,Jodi,Cumberbatch,1,52,true,true,true,true
977,Webb,Meneghelli,50,19,false,false,true,false
978,Robbyn,O'Bruen,2,21,true,true,false,true
979,Almeda,Frostdicke,31,47,false,false,false,false
980,Carmela,Croley,41,36,false,true,true,false
981,Winny,Goch,13,45,false,true,true,true
982,Clo,McDermid,26,39,true,false,false,false
983,Barbette,Westrip,44,4,true,true,false,true
984,Ofelia,Sibly,49,24,true,true,true,false
985,Grant,Herries,2,16,false,false,false,false
986,Andrew,Whannel,29,46,true,true,true,true
987,Marnia,Rubinlicht,4,45,true,true,false,true
988,Jessika,Bedo,37,21,false,true,false,false
989,Britteny,Revitt,2,33,false,false,true,true
990,Barbra,Addams,57,23,true,false,false,true
991,Ryun,O'Scannill,7,2,false,false,true,false
992,Kalil,Riddich,46,43,true,false,true,false
993,Nertie,Hedylstone,20,2,false,false,true,true
994,Antoni,Tewkesberrie,35,12,true,false,false,true
995,Brenden,Shillingford,48,30,false,false,true,false
996,Bibby,Cheyne,28,52,false,false,true,true
997,Byrom,Priscott,58,14,false,true,true,false
998,Jerrilyn,Beamson,20,57,false,false,true,false
999,Sigmund,Swanger,26,17,false,true,false,false
1000,Cointon,Cuppleditch,31,3,true,false,true,true
