id,first_name,last_name,days_since_workshop,days_since_coaching,positive_manager_survey,positive_self_survey,missing_assignments,withdrawal
1,Stefanie,Gowar,30,11,false,false,0,false
2,Faydra,Cosely,47,46,false,true,1,true
3,Tam,Kindread,25,28,true,false,2,false
4,Glenn,Housego,53,54,false,false,0,false
5,Liv,Demeter,41,1,false,true,1,false
6,Ruthanne,Verty,38,39,true,false,2,false
7,Hurley,Pentin,2,15,false,false,2,false
8,Sylvia,Witchalls,41,38,false,true,2,true
9,Dore,Giannassi,60,46,true,true,0,false
10,Callean,Abad,11,15,true,false,0,false
11,Isahella,Josephov,28,20,true,false,1,false
12,Clevie,Stickney,53,18,true,true,0,false
13,Lynsey,Simanenko,49,47,true,false,2,false
14,Drew,Dedman,9,6,false,false,0,false
15,Laurianne,McCreagh,57,38,false,true,2,true
16,Catha,Tipping,32,10,true,true,1,false
17,Merrilee,Jaskiewicz,10,41,false,false,2,true
18,Lawry,Kerfut,15,12,true,false,1,false
19,Adoree,McNab,44,40,true,false,2,false
20,Cortie,Carillo,54,41,true,true,0,false
21,Dana,Bumphries,51,51,false,true,2,true
22,Chiquia,Seeking,42,25,false,false,0,false
23,Gertrud,Spray,59,14,true,false,2,false
24,Otto,Syratt,25,41,true,true,2,false
25,Vassili,Gogan,1,57,false,false,0,false
26,Selinda,Fosberry,29,17,true,false,0,false
27,Jody,Herculson,57,36,false,false,1,true
28,Timofei,Ellison,46,8,true,true,2,false
29,Melloney,Strewthers,32,28,false,true,1,false
30,Renelle,Spawforth,2,34,false,false,1,true
31,Nicky,Justice,59,14,false,false,1,false
32,Jakie,Wake,55,47,true,true,1,false
33,Dale,Christou,55,31,false,false,0,false
34,Gard,Mesias,40,25,false,false,1,false
35,Roseann,Barthelemy,26,12,true,false,2,false
36,Ilyse,Brothwood,19,50,true,true,1,false
37,Adriane,Minard,53,25,false,true,0,false
38,Papageno,Cockill,4,42,false,true,2,true
39,Merline,Allgood,42,17,true,false,2,false
40,Barnett,Tureville,48,25,true,false,0,false
41,Clement,Alyoshin,18,41,true,false,2,false
42,Nydia,Paniman,23,60,true,false,0,false
43,Hillier,Trowill,48,5,true,false,1,false
44,Amalita,Ciccetti,41,10,true,true,0,false
45,Evita,Cuttle,9,25,false,true,2,false
46,Clarence,Bode,14,24,true,false,0,false
47,Rachelle,Odom,29,5,false,false,0,false
48,Tan,Wonham,24,58,false,false,1,true
49,Erastus,Concannon,40,42,false,false,2,true
50,Alberik,Fiddyment,24,24,false,true,0,false
51,Adah,Witsey,28,8,false,false,1,false
52,Shelden,Bowland,17,11,true,true,2,false
53,Cass,Hartfield,22,46,true,false,0,false
54,Moyna,Kairns,7,11,true,false,1,false
55,Lynea,Abella,48,14,false,true,2,false
56,Zane,Letch,16,57,true,false,1,false
57,Cecelia,Feragh,34,19,false,false,0,false
58,Neile,Redmille,54,40,false,true,0,false
59,Gretna,Rableau,53,32,false,true,1,true
60,Heath,Doylend,26,47,false,false,1,true
61,Fanya,McGarvey,22,4,false,false,2,false
62,Grace,Stair,48,56,true,true,2,false
63,Kara,Ferres,26,16,true,false,0,false
64,Zonda,Curle,56,1,false,false,1,false
65,Ellyn,Sedgebeer,6,13,false,false,1,false
66,Rebekah,Trivett,47,29,true,false,2,false
67,Amy,Sandon,2,1,false,true,2,false
68,Ginni,Schubert,54,30,false,true,1,false
69,Lothaire,Walter,19,25,false,true,1,false
70,Jerrilyn,Capeling,42,56,false,false,1,true
71,Oran,Timbridge,58,27,false,true,0,false
72,Giavani,Holburn,52,7,true,false,2,false
73,Odilia,McKearnen,57,8,false,true,2,false
74,Coletta,Lauridsen,3,5,false,false,2,false
75,Betteann,Maldin,23,57,false,false,0,false
76,Paxon,Sinden,17,25,true,false,0,false
77,Elbertina,Whenham,58,60,false,true,2,true
78,Curt,Andell,30,30,true,false,1,false
79,Dorree,Latham,56,20,true,false,2,false
80,Candace,Henriques,7,46,false,false,1,true
81,Giulio,De Hoogh,42,56,true,true,0,false
82,Betty,Vink,55,44,false,false,0,false
83,Tiffi,Eakins,38,4,false,true,0,false
84,Alana,Baumert,22,10,false,false,2,false
85,Maxim,Pawlaczyk,38,52,true,true,1,false
86,Prissie,Gianulli,21,60,true,true,0,false
87,Diarmid,Pioch,1,48,true,true,2,false
88,Lawton,Tunnah,22,47,true,false,0,false
89,Merrick,Yankishin,30,5,false,false,1,false
90,Murdock,Gutowska,33,55,true,true,2,false
91,Laure,Broad,46,50,true,false,0,false
92,Roseanne,Olivetta,50,20,false,true,1,false
93,Archy,Feldberger,50,44,false,true,0,false
94,Beverlie,Bing,42,56,false,false,2,true
95,Clarette,Sein,55,20,true,true,2,false
96,Hank,Bailes,58,34,false,true,2,true
97,Adolphus,Bragg,41,32,true,true,2,false
98,Margot,Leonarde,22,29,true,false,2,false
99,Catherina,Peabody,4,4,false,true,0,false
100,Meris,Towsey,33,44,false,true,1,true
101,Hilly,Paylie,31,13,true,true,0,false
102,Katerina,Reolfi,37,48,false,false,1,true
103,Zerk,Girt,2,16,false,true,2,false
104,Hervey,McCaskill,9,15,true,true,0,false
105,Elias,Daniells,55,60,false,true,2,true
106,Roldan,Grimestone,11,26,true,false,2,false
107,Aaren,Gunnell,53,25,false,true,0,false
108,Jeanie,Albutt,2,15,false,false,1,false
109,Sisely,Neame,43,54,true,false,1,false
110,Melony,Fayne,10,14,false,true,1,false
111,Garwin,Cristofaro,4,9,true,false,2,false
112,Audi,Moens,18,41,true,true,1,false
113,Leo,Flores,27,20,false,true,0,false
114,Shoshanna,Bourke,35,30,true,false,2,false
115,Merna,Hayne,7,25,true,false,0,false
116,Rickert,Fiddyment,16,8,true,true,0,false
117,Karna,Vasilkov,10,6,true,true,1,false
118,Vasilis,Bracknall,10,6,true,false,1,false
119,Leann,Trevaskis,26,28,false,true,1,false
120,Lindsy,Tungay,55,41,false,false,2,true
121,Talia,Klosser,24,2,false,false,1,false
122,Valerie,Fibbitts,12,5,false,true,1,false
123,Kenyon,Olivera,28,25,true,true,2,false
124,Glen,Hagstone,35,10,true,false,2,false
125,Niels,Casterou,25,22,true,false,1,false
126,Gery,Skeels,41,46,false,true,1,true
127,Nata,Spary,1,30,true,false,0,false
128,Kellia,Duckels,26,42,true,true,0,false
129,Libbey,Prettyjohn,59,16,false,false,1,false
130,Emmalee,Augar,30,49,false,true,2,true
131,Frazer,Grote,24,39,true,true,0,false
132,Melly,Osbiston,35,15,true,false,2,false
133,Sven,McPeck,60,25,true,true,0,false
134,Barry,Haney,43,35,true,false,1,false
135,Jesus,Hutson,48,30,false,false,2,false
136,Wilmette,Ginglell,20,53,false,false,1,true
137,Pyotr,Langer,24,37,false,true,0,false
138,Brynn,Gaw,49,44,true,true,2,false
139,Iris,Labba,7,43,true,true,2,false
140,Rickie,Lye,14,16,true,false,0,false
141,Hermie,Gartan,30,41,true,true,0,false
142,Sile,Wythill,56,13,false,false,2,false
143,Berry,Batterham,6,3,true,true,2,false
144,Jessalin,Simonassi,4,32,true,false,2,false
145,Neil,Castelin,46,21,true,false,1,false
146,Royce,Heinrici,13,30,false,false,1,false
147,Eleanora,Vispo,45,16,true,false,0,false
148,Georgi,Cranefield,16,36,true,true,1,false
149,Jacintha,Valentetti,48,27,false,false,1,false
150,Mallissa,Whitley,41,52,true,false,0,false
151,Jennilee,Grindle,19,33,false,false,1,true
152,Nicol,Emeline,8,48,false,false,2,true
153,Marya,MacKeogh,4,58,false,false,0,false
154,Wilbur,Edgin,57,49,true,false,2,false
155,Anderson,Djorvic,21,40,true,true,0,false
156,Mufinella,Towriss,7,33,true,false,0,false
157,Deanne,Farlane,7,2,false,true,1,false
158,Brocky,Penhalewick,15,46,false,false,2,true
159,Rae,Cutriss,45,7,true,false,1,false
160,Carina,Eudall,53,51,false,false,2,true
161,Karolina,Trumpeter,39,36,false,true,1,true
162,Lizzie,Conquest,27,13,false,true,1,false
163,Shawn,Dennidge,13,23,true,false,0,false
164,Darby,Van Geffen,44,47,false,false,1,true
165,Noelle,Allaker,50,25,true,false,0,false
166,Nancie,Trengrove,28,21,false,false,2,false
167,Idette,Twidle,8,51,true,true,2,false
168,Earlie,Dradey,34,16,false,false,0,false
169,Madelyn,Fridaye,44,26,true,true,0,false
170,Pedro,Pleace,35,4,true,false,2,false
171,Elliot,Jakov,55,54,false,false,2,true
172,Guglielma,Duffin,35,49,true,true,2,false
173,Gilda,Ratchford,29,2,true,false,0,false
174,Norbie,Clausewitz,40,54,true,true,0,false
175,Red,Lugsdin,40,4,true,true,0,false
176,Joshuah,Tamlett,22,60,false,false,0,false
177,Andree,Stanbrooke,60,17,true,false,2,false
178,Matilde,Keane,6,11,false,false,0,false
179,Damiano,Kaasman,60,59,true,false,0,false
180,Glyn,Harrild,53,56,true,true,1,false
181,Neysa,Colles,49,22,false,false,0,false
182,Neala,Bakey,24,39,false,false,0,false
183,Zelda,Dockree,6,4,true,false,1,false
184,Seamus,Korpolak,24,21,true,false,0,false
185,Orville,Thomazet,26,33,false,true,2,true
186,Luise,Dimitru,2,9,true,true,1,false
187,Ursuline,Wildbore,31,34,true,false,1,false
188,Donetta,Ferson,54,41,false,false,1,true
189,Frayda,Klimaszewski,31,23,true,false,0,false
190,Isak,Kunath,8,60,true,false,0,false
191,Garret,Domenc,23,54,false,true,1,true
192,Seth,Pischoff,22,37,true,false,1,false
193,Huntley,Lauritzen,45,7,true,true,1,false
194,Feodora,Heiner,25,49,true,false,2,false
195,Druci,Nanninini,37,53,true,false,0,false
196,Xylia,Naire,30,3,true,true,2,false
197,Marius,Charle,34,60,true,true,2,false
198,Anetta,Easton,39,12,false,false,1,false
199,Morty,Kunath,7,36,true,true,1,false
200,Shannen,Wildish,33,5,false,false,2,false
201,Thoma,Middle,28,43,false,true,2,true
202,Erinna,France,43,40,false,true,0,false
203,Bernette,McKeighan,25,36,false,false,1,true
204,Goraud,Robert,35,10,true,true,0,false
205,Emma,Musico,9,12,false,true,1,false
206,Webb,Bambrough,51,11,false,true,0,false
207,Martie,Feaks,38,14,false,false,2,false
208,Anthe,Walworth,7,25,true,false,1,false
209,Mattias,Kinver,28,21,false,true,1,false
210,Dari,Oakton,46,36,false,false,1,true
211,Sibeal,Pellington,41,41,false,false,2,true
212,Palm,Hedling,5,34,false,true,0,false
213,Lemuel,Bunny,39,5,true,false,0,false
214,Ansell,Cluett,20,30,false,false,1,false
215,Andy,Winfred,21,8,false,false,2,false
216,Natassia,Stooke,40,43,false,false,2,true
217,Karine,Calf,7,14,false,false,2,false
218,Karlotte,Bittlestone,33,42,true,false,2,false
219,Rubetta,Pankettman,55,56,true,true,2,false
220,Mordy,Goodlett,39,9,true,true,2,false
221,Abran,Ibberson,39,45,true,true,1,false
222,Tanitansy,Silver,54,18,false,false,1,false
223,Gustaf,Louisot,27,34,false,false,2,true
224,Rudolfo,Nellen,29,26,false,true,1,false
225,Lilla,Kennealy,53,22,true,true,1,false
226,Thedrick,Vint,43,47,true,true,0,false
227,Adler,Goulborn,53,7,false,false,0,false
228,Aharon,Osbiston,36,25,false,false,0,false
229,Emmet,Snaden,46,25,false,false,2,false
230,Ludovico,Brokenshire,59,29,false,false,2,false
231,Sapphire,St Ange,42,6,false,false,1,false
232,Maiga,Fink,5,23,true,false,0,false
233,Frasquito,Eastcott,7,25,false,false,1,false
234,Evelina,Grundy,23,4,false,false,0,false
235,Sheela,Ginty,11,13,false,true,2,false
236,Heida,Balding,56,49,false,true,2,true
237,Anabel,Pendrey,15,51,false,true,2,true
238,Tybalt,Soff,28,7,false,true,1,false
239,Karalee,Norker,55,55,true,true,0,false
240,Gal,Fontes,16,27,true,false,0,false
241,Orelee,Mummery,49,47,true,false,0,false
242,Linzy,Campaigne,11,29,false,true,2,false
243,Allegra,Whorlow,11,38,true,false,1,false
244,Lorant,Heales,58,28,false,true,0,false
245,Dion,Lighton,32,24,false,true,2,false
246,Rory,Cranson,57,60,true,true,2,false
247,Annamaria,Thornewill,9,45,false,true,1,true
248,Edouard,Shaefer,26,8,false,true,0,false
249,Teddi,Colbran,34,21,true,true,2,false
250,Pierson,Diter,7,33,true,false,1,false
251,Mira,Jinks,39,52,false,false,1,true
252,Anitra,Jerdan,1,21,false,false,1,false
253,Mabelle,Hutcheon,26,16,false,true,2,false
254,Niki,Garr,35,8,true,true,0,false
255,Pamella,Paute,43,10,false,true,0,false
256,Cloe,Staveley,1,24,false,true,0,false
257,Kelsi,Klement,6,57,false,false,1,true
258,Thain,Meates,48,23,false,true,1,false
259,Silvan,Cheine,57,38,true,true,2,false
260,Lynnett,Rushton,59,35,true,false,2,false
261,Rafael,Toffanelli,29,60,true,true,0,false
262,Ashbey,Hunnam,33,7,false,true,0,false
263,Reilly,Bowyer,19,53,false,true,2,true
264,Emlyn,Woodsford,24,6,true,true,2,false
265,Jocko,Penhalewick,10,45,false,false,1,true
266,Benito,Culshew,46,20,false,false,2,false
267,Teri,Whickman,60,18,false,true,2,false
268,Mayer,Crus,56,49,true,false,1,false
269,Cary,Duckels,44,33,false,false,1,true
270,Emmanuel,Lain,19,32,false,false,0,false
271,Noah,Doyland,17,41,false,true,1,true
272,Olly,Leggate,33,41,true,true,2,false
273,Kelby,Ricson,13,52,false,true,1,true
274,Heather,Bycraft,16,48,false,true,2,true
275,Darrell,Dobinson,38,8,false,false,1,false
276,Dorian,Bilby,51,33,true,false,2,false
277,Carlos,Lawrence,50,51,false,true,0,false
278,Myron,Caswill,57,44,false,false,2,true
279,Paulita,Grellier,58,16,true,true,2,false
280,Traver,May,25,48,false,true,2,true
281,Vinny,Fettis,46,29,true,true,0,false
282,Robinia,Hedworth,59,54,true,false,2,false
283,Candy,Otson,48,59,false,false,1,true
284,Rozina,Gunthorpe,28,48,true,true,1,false
285,Eugenio,Augar,31,10,true,false,0,false
286,Jorey,Washbrook,13,4,true,true,0,false
287,Mead,Kilgrove,27,14,false,true,2,false
288,Willette,Breem,14,12,false,false,1,false
289,Garrick,Kuhne,1,21,false,false,0,false
290,Hobart,Janovsky,22,15,true,true,0,false
291,Peadar,Calcut,45,33,true,true,0,false
292,Krisha,Littledike,45,8,false,false,2,false
293,Iorgos,Dorey,2,3,true,false,0,false
294,Elsey,Matthesius,28,44,true,false,0,false
295,Oralie,Bernaciak,56,11,true,false,1,false
296,Gianina,Atte-Stone,46,49,true,false,1,false
297,Jacquette,Putley,1,25,true,true,0,false
298,Dierdre,Pulster,57,16,true,true,2,false
299,Gram,Fransman,9,51,false,true,2,true
300,Marcellus,Dossett,14,7,true,true,2,false
301,Rayna,Mompesson,9,27,false,true,0,false
302,Becca,Sandcraft,2,40,true,true,2,false
303,Nichols,Whitlaw,3,11,false,false,0,false
304,Melisa,Shingfield,55,11,false,false,1,false
305,Salvador,Jehu,14,39,false,true,1,true
306,Germain,Dmitrovic,23,33,false,true,2,true
307,Gasper,Goodding,34,44,true,false,1,false
308,Abraham,Dives,33,3,false,true,1,false
309,Hester,Keson,26,1,false,true,0,false
310,Lura,Skirvane,7,56,false,false,2,true
311,Julienne,Cruxton,33,36,true,true,0,false
312,Saidee,Ballinghall,33,50,true,false,1,false
313,Sosanna,Maffulli,56,2,false,false,0,false
314,Ottilie,Filde,59,16,false,true,1,false
315,Jamison,Espinola,48,44,true,false,2,false
316,Chlo,Ballintyne,31,28,false,false,2,false
317,Amaleta,Walrond,4,13,false,false,2,false
318,Rose,MacCole,25,44,false,false,1,true
319,Dominique,Mulcaster,28,27,false,false,1,false
320,Seth,Kelland,24,57,true,false,1,false
321,Euphemia,Tracy,52,1,true,true,1,false
322,Hermon,Surmeir,34,21,false,false,1,false
323,Grace,Squelch,17,50,false,true,1,true
324,Grace,Demchen,16,32,false,false,0,false
325,Marie-ann,Wintersgill,56,38,false,false,0,false
326,Gilemette,Keyson,19,22,false,true,1,false
327,Chas,Thake,46,12,true,false,1,false
328,Johnathan,Tryme,49,28,false,true,0,false
329,Jessa,Cothey,60,60,false,true,1,true
330,Jeni,Clulee,58,51,false,false,2,true
331,Madalyn,Husk,3,42,false,true,0,false
332,Jillana,Labroue,13,49,false,true,1,true
333,Briney,Mallows,48,47,true,true,0,false
334,Delbert,Corkish,59,34,false,true,0,false
335,Derick,Spurway,14,15,false,true,2,false
336,Myrna,Skep,25,39,false,false,2,true
337,Caron,Guirardin,15,34,false,false,0,false
338,Aurea,Pratchett,5,47,false,true,1,true
339,Bari,Beatey,47,17,false,true,1,false
340,Katharyn,Demanche,8,3,false,false,2,false
341,Leone,Housaman,8,45,true,false,2,false
342,Demetria,Giovanazzi,28,46,true,false,2,false
343,Celle,Flukes,25,33,false,false,0,false
344,Chrystel,Wagg,13,25,false,false,2,false
345,Turner,Zapatero,25,48,true,true,1,false
346,Denney,Engledow,44,2,true,false,1,false
347,Brandy,Bakewell,10,41,true,true,2,false
348,Fidole,Chad,44,31,true,true,2,false
349,Edward,Askem,20,2,false,false,2,false
350,Basilius,Burlingham,46,13,false,true,1,false
351,Kaylyn,Bertlin,52,22,false,false,0,false
352,Hewett,Tavner,58,43,true,true,2,false
353,Ernesto,Brunet,38,19,false,false,2,false
354,Hieronymus,Arnal,36,16,false,true,0,false
355,Jackson,Wisedale,18,22,true,false,1,false
356,Michelina,Huckell,30,57,false,false,2,true
357,Mitzi,Lapere,47,46,false,false,2,true
358,Nicole,Cussins,17,18,true,true,0,false
359,Farica,Gagen,56,44,true,false,1,false
360,Leigh,Warby,50,42,false,true,2,true
361,Ashley,Pottinger,47,44,false,true,2,true
362,Austin,Maykin,6,56,true,false,0,false
363,Dorette,Fairy,10,34,false,false,1,true
364,Leland,Speachley,39,25,false,false,1,false
365,Vasilis,Housby,57,45,false,true,2,true
366,Gris,Gore,18,33,true,false,0,false
367,Bernardine,Ellery,23,46,true,true,1,false
368,Alexis,Gommowe,6,4,false,true,0,false
369,Lanny,Strahan,10,16,false,false,1,false
370,Collen,Thiese,59,59,true,true,1,false
371,Nicky,McCrum,22,9,false,false,0,false
372,Basia,Stockall,58,51,true,true,2,false
373,Gretchen,Valentino,8,55,false,false,0,false
374,Torry,Walcher,50,44,false,true,1,true
375,Marcos,Stimson,5,9,false,true,2,false
376,Twila,Burgin,24,32,true,false,1,false
377,Lodovico,Goult,1,5,true,false,0,false
378,Ezmeralda,Hallewell,42,45,true,false,2,false
379,Minnie,Reuble,19,20,false,true,0,false
380,Lauri,Oldroyde,2,21,false,false,1,false
381,William,Baszniak,53,55,true,true,2,false
382,Mabel,Billingham,40,40,true,false,2,false
383,Cayla,Dainter,56,52,true,false,1,false
384,Sheilakathryn,McAlinden,37,51,false,false,2,true
385,Isis,Nucator,31,12,false,true,1,false
386,Caldwell,Lamers,35,1,true,true,2,false
387,Hansiain,Sleany,36,5,true,true,1,false
388,Josefina,Loveday,54,47,true,true,0,false
389,Sonya,Lantiff,36,41,true,false,2,false
390,Rochester,Ruste,46,13,false,true,0,false
391,Maynord,Greenlees,19,35,true,true,1,false
392,Jacqueline,Dublin,15,14,false,false,1,false
393,Vannie,Hullin,1,20,false,true,1,false
394,Muire,Kilborn,20,21,false,false,1,false
395,Esra,Amphlett,35,29,false,true,1,false
396,Griswold,Alabastar,49,56,true,true,0,false
397,Klarrisa,Rusbridge,12,51,true,false,1,false
398,Davina,Mainland,48,51,true,false,1,false
399,Nanon,Binning,49,59,true,false,2,false
400,Nonah,Lidbetter,39,50,false,false,0,false
401,Cynthia,Pattullo,42,16,false,false,2,false
402,Fayth,Clayfield,47,59,true,true,1,false
403,Nevile,Beckhurst,19,57,true,true,1,false
404,Blake,Mabbott,2,14,true,true,1,false
405,Giordano,Harland,28,33,false,false,2,true
406,Aron,Laycock,36,58,false,true,0,false
407,Kati,Baldrick,23,21,false,false,2,false
408,Charyl,Leivesley,22,36,false,true,2,true
409,Graehme,Maffin,35,55,true,true,1,false
410,Arny,Brandenburg,17,19,false,true,0,false
411,Sheffie,Dibdale,10,56,false,true,1,true
412,Ericka,Lampbrecht,56,13,true,false,0,false
413,Orin,Doers,7,52,false,true,2,true
414,Bret,Breffitt,16,48,true,false,0,false
415,Ashby,Suero,22,18,true,false,0,false
416,Gabbey,Bentz,7,28,false,false,1,false
417,Lance,Reubbens,41,58,true,true,1,false
418,Mikel,Humburton,32,42,false,true,2,true
419,Caterina,Rheam,22,32,false,false,2,true
420,Zebedee,Wharby,43,37,false,true,1,true
421,Chryste,Jeanin,12,19,true,true,0,false
422,Horace,Jeal,44,52,true,true,0,false
423,Emelina,Pratley,57,57,false,false,0,false
424,Cristian,Stoodale,29,44,true,false,1,false
425,Glenna,Morpeth,41,12,false,true,2,false
426,Ginger,Brydson,48,34,false,false,0,false
427,Noella,Pratton,40,59,false,true,0,false
428,Lydon,Skillman,39,24,true,true,0,false
429,Case,O'Regan,55,46,true,true,0,false
430,Isaac,Cartner,6,36,true,true,2,false
431,Gorden,Rainforth,44,8,false,false,1,false
432,Stanfield,Lahiff,8,39,false,true,0,false
433,Lettie,McMylor,49,4,true,false,0,false
434,Damien,Makeswell,8,18,true,true,2,false
435,Elayne,Birrell,43,34,false,true,0,false
436,Ros,Iliffe,36,48,false,false,0,false
437,Odille,Stempe,25,54,true,true,0,false
438,Kelby,De Hooge,19,46,false,false,0,false
439,Frank,Burberow,42,29,true,true,2,false
440,Enrico,Caren,56,48,false,true,1,true
441,Tarra,Bartholomaus,12,25,true,false,0,false
442,Brenden,Blondell,39,47,false,true,1,true
443,Cyb,Swindlehurst,8,43,true,true,1,false
444,Michaella,Hrachovec,53,2,false,true,2,false
445,Kain,Crumly,57,45,true,true,2,false
446,Koo,McIndrew,44,30,false,true,1,false
447,Dmitri,Motherwell,28,27,false,true,1,false
448,Aileen,Coppen,32,22,false,false,0,false
449,John,Wingeat,27,54,false,true,1,true
450,Dorey,Venable,13,60,false,true,1,true
451,Bartolomeo,Lashley,44,54,false,true,1,true
452,Darnell,MacPake,5,53,false,false,2,true
453,Mareah,Syversen,55,25,false,true,1,false
454,Corey,Ordidge,46,9,true,false,0,false
455,Jeana,Ebbens,53,24,true,true,2,false
456,Whitaker,Draycott,44,53,false,true,2,true
457,Kathie,Headrick,47,6,true,true,1,false
458,Elora,Stanlack,36,43,false,true,2,true
459,Maryanne,Brigstock,44,15,true,true,0,false
460,Ella,Dufour,40,40,false,false,1,true
461,Norman,Bellhanger,55,14,false,true,1,false
462,Drake,Pashby,55,35,true,false,0,false
463,Marlowe,Inglish,13,54,false,true,2,true
464,Welsh,Durdle,19,56,true,false,0,false
465,Alfie,Flisher,48,23,true,true,0,false
466,Marinna,Blunsum,56,4,true,true,1,false
467,Perice,Lisle,56,43,true,true,1,false
468,Sheffie,Sanbrook,31,17,true,true,2,false
469,Kyle,Pigden,59,39,false,true,1,true
470,Kellie,Poleye,16,24,false,false,2,false
471,Charyl,Dowden,34,44,true,true,0,false
472,Melony,Ridehalgh,22,14,false,true,1,false
473,Keri,Gather,33,47,true,true,2,false
474,Sabina,Craighill,58,50,false,true,0,false
475,Fee,Gallagher,32,2,false,true,1,false
476,Tracie,Dignum,2,6,false,true,2,false
477,Catlee,Van der Spohr,39,7,true,true,0,false
478,Demetra,Trewhitt,56,5,false,false,1,false
479,Beilul,Emby,34,38,false,true,0,false
480,Aldrich,Jordison,55,21,true,true,0,false
481,Constantina,McGann,12,45,true,true,0,false
482,Aviva,Layland,33,15,true,true,1,false
483,Gus,Klimecki,9,8,false,true,0,false
484,Marvin,Darville,21,21,true,false,0,false
485,Sargent,Trase,36,28,false,false,0,false
486,Lenee,Poolton,10,21,false,false,0,false
487,Bonny,Tod,33,54,false,true,2,true
488,Sue,Marfe,4,46,false,true,2,true
489,Kellia,Matysik,24,45,true,false,0,false
490,Theadora,Janik,15,36,true,true,2,false
491,Kaylyn,McCathie,40,18,true,false,2,false
492,Allison,Careless,53,45,true,true,1,false
493,Shelly,Etchells,55,60,false,true,1,true
494,Thaddeus,Emanueli,53,37,true,false,1,false
495,Hilario,Bentsen,15,47,true,false,1,false
496,Karlee,Kapelhoff,13,38,false,false,2,true
497,Ada,McCumesky,9,44,true,true,2,false
498,Ernestus,Stewart,57,47,false,false,2,true
499,Thomas,Daines,28,60,true,true,2,false
500,Cecil,Spikeings,41,35,false,true,1,true
501,Kassey,Lidgertwood,18,28,false,true,2,false
502,Max,Engall,11,4,false,false,1,false
503,Modestia,Rushmare,7,29,false,true,0,false
504,Aldric,Hempel,11,23,false,true,0,false
505,Gordon,Lathan,13,27,false,true,0,false
506,Brita,Vice,27,15,false,true,0,false
507,Felecia,Lidgate,56,11,true,false,0,false
508,Emmanuel,Cater,28,52,true,true,0,false
509,Oneida,Selwin,49,51,false,true,2,true
510,Carlynn,Ivancevic,24,48,true,false,0,false
511,Jamesy,Sagg,51,25,false,false,2,false
512,Garek,Jacqueme,43,12,false,true,0,false
513,Cherie,Dahlback,24,20,true,false,1,false
514,Alvin,Crigin,10,45,false,false,0,false
515,Dory,Ferriere,56,31,true,true,0,false
516,Jena,Kinnett,52,19,false,true,1,false
517,Stoddard,Vorley,12,21,true,true,0,false
518,Noland,Gooda,44,33,true,true,0,false
519,Raychel,Grombridge,26,30,true,true,0,false
520,Elane,Python,12,24,false,false,0,false
521,Kenton,Beiderbeck,49,4,true,true,2,false
522,Gerty,Limrick,49,27,false,false,0,false
523,Rees,Routley,3,35,false,true,2,true
524,Kelley,Walder,50,17,false,true,2,false
525,Nicola,Dignam,33,54,true,true,0,false
526,Kacie,Warwick,31,13,true,true,1,false
527,Gwyn,Teese,37,24,false,true,2,false
528,Ware,Jewson,40,12,false,true,0,false
529,Conni,Iannitti,12,41,false,true,2,true
530,Timothy,Oolahan,1,1,true,true,1,false
531,Alaric,De Hailes,47,8,false,true,2,false
532,Baxter,Haddinton,36,39,true,false,0,false
533,Callie,MacCaughey,5,32,true,true,0,false
534,Liliane,McGreay,36,5,false,false,2,false
535,Chester,Hynam,2,35,false,false,1,true
536,Wallache,McAvinchey,42,2,true,false,0,false
537,Janek,MacCallum,7,20,false,false,2,false
538,Brittany,Meanwell,10,10,false,true,0,false
539,Nesta,Kohlert,8,30,false,false,1,false
540,Britt,Newell,15,37,true,false,1,false
541,Talyah,Cauderlie,2,11,false,true,1,false
542,Margarette,Shipley,30,20,false,true,2,false
543,Carolus,Assard,42,4,true,false,0,false
544,Prentiss,Matteo,24,54,false,false,0,false
545,Ginger,Pridding,53,2,true,true,2,false
546,Riane,Gebhard,10,49,true,false,0,false
547,Mariellen,Ring,26,46,false,true,2,true
548,Judye,Endersby,34,17,true,false,2,false
549,Catharine,Gatland,60,57,false,false,2,true
550,Granthem,Slatter,47,59,false,false,2,true
551,Tiertza,Strangward,30,15,false,false,2,false
552,Pegeen,De Filippi,14,17,false,false,1,false
553,Jerri,Riguard,56,49,true,true,1,false
554,Caryl,Gislebert,53,29,false,true,2,false
555,Nicole,Semper,32,41,true,false,1,false
556,Benedicta,Kloser,1,12,true,false,0,false
557,Wandie,Knolles-Green,16,44,false,false,1,true
558,Irina,Demelt,3,23,true,false,1,false
559,Killie,Roscamp,27,12,false,false,2,false
560,Lew,Ambrosini,38,28,false,false,0,false
561,Bryon,Dobson,18,38,false,false,1,true
562,Domenico,Matiewe,5,57,true,false,2,false
563,Prissie,Passie,19,39,false,true,1,true
564,Zonda,Hay,13,10,true,true,2,false
565,Eolande,Zecchinelli,58,28,true,false,1,false
566,Ellary,Yanne,57,42,false,false,1,true
567,Nevsa,Dellit,58,35,false,false,1,true
568,Vania,Suckling,33,46,false,true,2,true
569,Ole,Everly,34,44,true,false,0,false
570,Julio,Faint,39,39,false,false,0,false
571,Salomo,Hanaford,15,9,false,false,1,false
572,Zandra,Bewicke,54,59,false,true,1,true
573,Mitchael,Emanulsson,58,10,true,true,0,false
574,Lottie,Fleischer,29,23,false,false,0,false
575,Gray,Jacqueminot,15,60,false,true,1,true
576,Cheston,Helstrip,6,37,false,false,1,true
577,Shani,Gehring,34,52,false,false,2,true
578,Rhoda,Abels,28,36,false,false,2,true
579,Nerty,Kirvell,53,55,true,false,2,false
580,Riley,Worters,41,49,false,true,0,false
581,Itch,Haburne,57,19,true,true,2,false
582,Stormi,Stanhope,20,21,false,true,1,false
583,Giacinta,Bridgestock,45,22,false,true,2,false
584,Pierce,Emby,46,14,false,false,1,false
585,Lambert,Fideler,24,43,true,false,1,false
586,Eunice,McLucky,5,20,true,true,1,false
587,Cherlyn,Dengel,53,26,false,true,2,false
588,Stanfield,Obern,38,11,false,true,1,false
589,Gabbey,Abyss,3,25,false,false,0,false
590,Nedi,Hallt,46,45,true,true,1,false
591,Cindy,Urey,11,33,false,false,1,true
592,Anitra,Freddi,49,10,false,true,1,false
593,Norri,Lebrun,50,21,false,true,2,false
594,Carney,Novill,23,47,true,true,0,false
595,Merle,Konzelmann,26,7,false,true,1,false
596,Vikki,Crowth,10,19,false,true,1,false
597,Lana,Tander,42,41,true,true,1,false
598,Casar,Loveredge,6,24,false,true,2,false
599,Elnar,Frapwell,53,1,false,true,0,false
600,Dulcie,Babb,40,8,false,false,1,false
601,Dacie,Secrett,48,27,false,false,2,false
602,Lilith,Harvard,47,6,true,true,1,false
603,Sigrid,Atkyns,32,5,false,true,2,false
604,Anna-diane,Coverlyn,40,45,true,false,1,false
605,Adelle,Chesshyre,56,44,false,false,0,false
606,Nessa,Gatehouse,39,49,false,false,2,true
607,Suzette,Bidwell,38,44,false,true,1,true
608,Gabriel,Gemmell,51,29,false,true,1,false
609,Daron,Clinkard,49,11,true,true,2,false
610,Marco,Prettyjohn,39,48,false,true,0,false
611,Nanni,Axby,19,50,false,false,2,true
612,Gaelan,Nanelli,1,45,true,false,2,false
613,Hernando,Quillinane,33,52,false,true,2,true
614,Moreen,Triplet,24,47,false,false,1,true
615,Marj,Readmire,37,15,false,true,0,false
616,Cord,Donnelly,51,53,true,false,0,false
617,Delinda,Schruurs,19,59,true,false,0,false
618,Yasmin,Cettell,60,42,true,true,1,false
619,Giorgia,Bugge,1,31,true,false,0,false
620,Verna,Freddi,45,51,true,true,2,false
621,Sibylla,Wintour,47,2,false,true,1,false
622,Corbett,Pook,45,45,false,true,0,false
623,Byrann,Garci,52,24,false,true,1,false
624,Allianora,Dorward,12,31,true,true,1,false
625,Simonne,Heskins,57,20,false,true,1,false
626,Alexina,Jaine,26,43,true,false,1,false
627,Tabbie,Scally,43,52,false,true,1,true
628,Hurleigh,Creak,60,32,true,true,2,false
629,Leigh,Burleigh,30,50,false,true,0,false
630,Adelle,Wolstenholme,5,52,false,true,2,true
631,Sarena,Tidgewell,25,5,true,true,1,false
632,Ebony,Cundict,34,54,true,false,2,false
633,Jeremie,Overlow,60,42,true,false,2,false
634,Augustin,Loton,6,31,true,false,2,false
635,Selie,Triswell,42,36,true,false,0,false
636,Glynda,Chidgey,16,38,false,true,2,true
637,Lewiss,Woollin,52,20,false,false,1,false
638,Kori,Seaborn,20,41,false,true,2,true
639,Janie,Valasek,55,54,true,true,1,false
640,Karlotta,Brash,9,15,true,true,2,false
641,Aindrea,Kohrding,4,44,true,false,2,false
642,Rosa,Secrett,12,15,false,false,2,false
643,Filmore,Cicerone,4,48,true,false,0,false
644,Mal,Settle,3,38,false,false,0,false
645,Craig,Jonah,26,52,false,false,0,false
646,Nanine,Fairfull,27,36,false,false,0,false
647,Angelita,Pioch,16,31,false,false,0,false
648,Raimundo,Caban,52,49,true,false,2,false
649,Thain,Pressdee,39,25,true,false,0,false
650,Glennie,Springthorpe,50,24,true,false,0,false
651,Jaye,Feetham,1,40,false,false,2,true
652,Dix,de Courcy,43,18,false,true,0,false
653,Isidora,Braunfeld,7,46,false,true,1,true
654,Arther,Marchent,58,25,false,false,2,false
655,Jodie,Kohrding,14,10,true,false,2,false
656,Raoul,Boniface,26,11,true,false,2,false
657,Carita,Brayne,12,54,true,true,2,false
658,Tucker,Cowlishaw,11,24,false,false,1,false
659,Daune,Cockerill,25,56,true,true,2,false
660,Anne-marie,Gummoe,10,48,false,false,0,false
661,Honey,Da Costa,59,40,true,true,0,false
662,Chelsea,Spellworth,23,14,false,true,2,false
663,Trixi,Simonini,46,3,false,false,2,false
664,Dorian,Reyner,43,40,false,false,2,true
665,Rhianon,Hudd,51,30,false,false,2,false
666,Lib,Walkden,2,41,false,true,1,true
667,Ahmed,Aronov,16,21,false,false,2,false
668,Arty,Richfield,36,31,false,false,2,true
669,Winnifred,Cholerton,23,16,false,false,2,false
670,Meade,Dabnor,8,19,false,false,2,false
671,Dannie,Bambury,23,45,false,true,2,true
672,Elissa,Kaes,27,26,false,true,2,false
673,Selie,Eadon,29,32,false,true,2,true
674,Silva,Ratnage,39,15,false,false,1,false
675,Missie,Hembry,6,1,true,true,2,false
676,Gerty,Klosterman,59,34,false,false,2,true
677,Ahmad,Osband,49,17,false,false,1,false
678,Morena,Lacrouts,4,18,true,false,1,false
679,Guenevere,Lehon,40,12,true,false,2,false
680,Karlen,Starcks,27,42,false,false,0,false
681,Horacio,Gorden,31,40,false,true,0,false
682,Shelden,Winspar,34,54,true,true,2,false
683,Henry,Khristyukhin,33,36,false,false,0,false
684,Jervis,Somers,4,54,true,false,1,false
685,Gianina,McCleary,29,7,true,false,2,false
686,Theressa,Kitcat,60,34,false,false,0,false
687,Nanine,Crysell,17,56,true,false,0,false
688,Dmitri,Wensley,39,8,true,false,1,false
689,Helga,Lewsy,9,46,true,true,0,false
690,Ly,Scading,56,50,false,true,0,false
691,Wenonah,Lasslett,48,55,true,false,2,false
692,Ileana,MacAlaster,40,16,false,false,2,false
693,Sascha,Wilsee,43,34,true,true,1,false
694,Rockwell,Turnpenny,31,16,false,true,2,false
695,Kean,Nottingam,32,53,false,true,1,true
696,Lindy,Mathivet,18,31,true,true,0,false
697,Noble,Pipet,46,17,true,false,1,false
698,Chester,Savine,24,33,false,false,2,true
699,Al,Waryk,22,7,true,true,0,false
700,Nataline,Wyatt,52,53,true,false,0,false
701,Doralynne,Castelain,19,45,false,true,0,false
702,Janos,Poznanski,60,36,false,false,1,true
703,Jocelyne,Dolle,45,16,false,true,1,false
704,Aristotle,Oldfield,24,15,false,true,0,false
705,Wainwright,Beverley,1,10,true,false,2,false
706,Lonnie,Brendish,10,5,false,false,1,false
707,Emmery,Vidgen,30,22,true,true,1,false
708,Kerwin,Gordge,18,26,false,true,2,false
709,Christiano,Eayres,41,43,false,false,2,true
710,Aloin,Layson,51,51,false,false,1,true
711,Kath,Dolton,53,41,true,false,1,false
712,Nike,Bofield,39,3,false,true,2,false
713,Kincaid,Hague,17,26,true,false,1,false
714,Carmelina,Bruniges,49,50,false,true,2,true
715,Francesco,Bedding,52,35,false,false,1,true
716,Hewett,Sawtell,42,39,true,true,2,false
717,Mirilla,Poschel,26,28,true,true,2,false
718,Silvain,Hansman,51,37,false,true,2,true
719,Valene,Brotherheed,42,5,true,false,0,false
720,Bertha,Folkes,18,44,true,false,2,false
721,Brooks,Chinge de Hals,58,18,false,true,1,false
722,Chevy,Elderbrant,3,42,true,false,2,false
723,Donalt,Rawne,30,47,false,true,2,true
724,Gustavo,Jacmar,7,59,true,false,1,false
725,Karylin,Rickaby,13,58,false,false,1,true
726,Elisha,McMeanma,16,10,false,true,2,false
727,Nancie,D'Antonio,3,6,true,true,0,false
728,Cazzie,Artz,14,4,false,false,0,false
729,Haydon,Batistelli,30,58,true,false,2,false
730,Rois,Luckcuck,55,50,true,true,0,false
731,Hana,Peterson,8,16,true,false,0,false
732,Keith,England,22,5,false,false,2,false
733,Blinnie,Spinozzi,14,29,true,false,0,false
734,Catharine,Payne,59,39,true,true,1,false
735,Elinor,Breewood,8,39,false,false,2,true
736,Sammie,Fryer,41,7,false,false,0,false
737,Bren,Jayne,50,5,true,true,2,false
738,Joellyn,Ilyukhov,32,3,true,false,1,false
739,Wallache,Sabatini,57,36,false,false,2,true
740,Ennis,Townsend,39,2,true,false,2,false
741,Cati,Maxwaile,25,55,false,false,2,true
742,Sophey,Mayling,39,12,true,false,2,false
743,Clywd,Gerault,29,47,true,true,1,false
744,Keen,Mounce,44,39,true,true,1,false
745,Latrena,Derby,54,23,false,false,1,false
746,Alyson,Zettler,34,18,true,false,0,false
747,Caye,Caller,1,29,false,false,1,false
748,Yorke,McOwan,51,14,true,true,0,false
749,Onfre,Paydon,20,53,true,true,1,false
750,Lewie,Marquess,16,8,true,false,2,false
751,Ray,Cheves,30,32,false,true,2,true
752,Verne,Mowbury,37,19,true,false,0,false
753,Maxi,Radolf,59,5,true,true,2,false
754,Geordie,Dallison,6,57,false,false,1,true
755,Verena,Katzmann,38,14,false,false,0,false
756,Rosanna,Paolini,27,59,true,true,0,false
757,Madison,Danaher,5,4,false,false,0,false
758,Edithe,Giacomuzzi,47,21,true,true,0,false
759,Meridel,Guidi,60,21,false,false,0,false
760,Heather,Sokell,36,16,true,true,0,false
761,Lem,Castiglioni,2,37,false,true,2,true
762,Dehlia,Biggen,14,50,true,false,1,false
763,Barbara-anne,Tombleson,6,4,false,false,0,false
764,Heddie,Malin,21,13,false,true,0,false
765,Lee,MacDougall,36,10,false,true,2,false
766,Martie,Father,37,7,true,false,0,false
767,Koren,Haggarty,32,55,true,false,1,false
768,Fan,Narducci,55,10,false,true,1,false
769,Wilek,Egginson,19,46,false,true,0,false
770,Valma,Stradling,52,22,false,true,0,false
771,Therine,Jayme,7,26,true,true,2,false
772,Dick,Eunson,7,3,false,false,2,false
773,Horton,Thornber,34,2,true,true,1,false
774,Othilie,Stegel,24,29,true,false,2,false
775,Suzette,Rotham,36,47,false,false,0,false
776,D'arcy,Izod,17,30,false,true,2,false
777,Patrice,Karpychev,18,53,false,true,2,true
778,Carilyn,Lahiff,9,38,false,true,2,true
779,Osbourn,Guillart,6,19,false,false,0,false
780,Noami,Zorro,10,12,true,false,1,false
781,Gabby,Maine,57,22,false,false,0,false
782,Erick,Letson,22,28,false,true,2,false
783,Merrilee,Leetham,34,50,false,true,0,false
784,Ramsay,Leach,9,3,false,false,0,false
785,Gaylor,Loveard,2,11,true,false,1,false
786,Martainn,Ivanov,41,37,false,true,0,false
787,Vasilis,Glendza,49,2,true,true,1,false
788,Anna-diana,Annear,46,35,true,true,2,false
789,Powell,Bruckshaw,51,42,false,false,1,true
790,Genevra,Cruickshank,21,35,false,true,0,false
791,Eimile,Simoncini,41,27,false,true,0,false
792,Ulric,Spilsbury,17,44,true,true,2,false
793,Kele,Skip,10,53,true,true,1,false
794,Bonni,Sheriff,35,5,true,false,1,false
795,Alyse,Letterese,39,15,false,false,2,false
796,Minda,Painswick,26,18,false,true,0,false
797,Thomas,Maypother,14,8,false,false,2,false
798,Marven,Cereceres,47,49,false,true,2,true
799,Fiann,Lowthorpe,34,32,true,true,1,false
800,Mollie,Absolom,43,60,true,false,1,false
801,Brady,Gauch,43,50,false,false,0,false
802,Gwendolen,Bygreaves,1,50,true,false,2,false
803,Darlleen,Serris,2,6,true,true,0,false
804,Lacy,Rockey,37,10,true,false,2,false
805,Erie,Spacey,29,11,true,true,0,false
806,Bran,Dolling,4,60,false,false,1,true
807,Rafferty,Klimov,2,32,true,true,2,false
808,Julee,Yakovlev,6,55,false,true,1,true
809,Elsi,Molyneux,23,46,true,true,1,false
810,Burty,Ryson,59,50,false,true,1,true
811,Johna,Sermin,15,4,true,false,0,false
812,Brannon,Hacquoil,36,49,false,false,0,false
813,Delores,Tiffany,58,29,false,false,0,false
814,Francene,Strawbridge,39,50,true,true,0,false
815,Byran,Jeffries,6,2,true,false,0,false
816,Rowe,Attride,39,31,true,true,2,false
817,Fifi,Coopper,8,54,false,false,2,true
818,Jozef,Allam,41,30,true,true,1,false
819,Jonell,Sharple,41,26,true,false,1,false
820,Fianna,Wann,27,36,true,false,2,false
821,Felicle,Jiles,54,5,false,true,1,false
822,Raychel,Regorz,47,55,false,false,0,false
823,Cherise,Mackstead,55,24,true,true,1,false
824,Gilemette,Weavill,46,46,false,true,1,true
825,Karol,Critcher,12,16,true,false,2,false
826,Lynne,Emmatt,27,7,true,false,2,false
827,Kimball,McGrae,16,14,false,false,1,false
828,Jeane,Mottini,60,33,false,true,1,true
829,Teddie,MacAlpin,2,26,false,true,2,false
830,Minni,Grishagin,46,42,false,false,0,false
831,Margret,Rosenfelder,53,1,false,false,1,false
832,Hercules,Oliveras,7,46,true,true,0,false
833,Prince,Cardiff,8,29,true,false,2,false
834,Wanids,Tuhy,37,7,false,true,1,false
835,Franny,Bowbrick,16,40,true,true,1,false
836,Harriett,Tilne,27,15,false,true,2,false
837,Carrissa,Ivkovic,47,29,true,false,0,false
838,Courtney,Romaines,10,26,false,true,2,false
839,Fielding,Craiker,38,25,false,true,2,false
840,Tibold,Witherup,32,38,true,true,1,false
841,Conn,Charlton,2,44,true,false,0,false
842,Ema,Cranage,41,49,true,true,0,false
843,Borden,Tubridy,4,42,false,false,1,true
844,Clara,Gladman,45,47,true,false,0,false
845,Asia,Vasilyevski,10,37,true,true,0,false
846,Aldous,Midlane,23,7,true,true,1,false
847,Pearline,Baggalley,12,37,false,false,2,true
848,Wade,Bembrick,46,34,false,false,0,false
849,Jorry,Birrane,52,36,false,true,2,true
850,Ellyn,Bromwich,51,46,false,false,2,true
851,Ryan,Birden,3,29,true,false,1,false
852,Kizzie,Szymanzyk,53,49,false,true,1,true
853,Oriana,Lehrle,22,37,true,true,0,false
854,Gerik,Burvill,17,60,false,false,1,true
855,Gardiner,Aloshechkin,51,18,true,false,0,false
856,Arline,Lisimore,44,21,false,true,0,false
857,Diarmid,Longmire,59,23,false,true,0,false
858,Kenneth,Vahey,41,28,true,true,2,false
859,Nina,Astbery,38,50,false,false,0,false
860,Gael,Frandsen,44,55,true,false,1,false
861,Flori,Rustich,43,52,false,true,0,false
862,Clerkclaude,Abramov,34,56,false,true,1,true
863,Carolann,Franzen,54,15,false,true,2,false
864,Sid,Castellan,52,21,false,true,0,false
865,Gun,Heister,38,36,false,false,0,false
866,Hy,Purseglove,36,48,false,false,1,true
867,Ros,Rivard,58,47,true,false,2,false
868,Sisely,Le Jean,7,34,false,false,2,true
869,Will,Guerriero,46,56,true,false,1,false
870,Tait,Kynder,18,8,false,false,1,false
871,Jennie,Eloy,47,24,true,true,2,false
872,Crissy,Hackley,30,49,false,true,1,true
873,Melisse,Matchell,30,22,true,true,0,false
874,Diannne,Shewen,25,46,true,false,0,false
875,Livy,Sprankling,33,19,true,false,0,false
876,Aliza,Casella,22,48,true,true,1,false
877,Goran,McIlwrath,18,29,true,false,2,false
878,Sutton,Digan,1,22,false,true,0,false
879,Berkie,Riddlesden,32,40,true,true,2,false
880,Windham,Cartmell,9,11,false,true,2,false
881,Wallis,Kitteridge,38,8,true,true,0,false
882,Harrie,Soar,35,28,false,false,2,false
883,Karlen,Ratie,9,10,false,true,2,false
884,Melvin,Ionn,23,1,false,true,2,false
885,Merwyn,Spirritt,59,12,true,true,1,false
886,Kylen,Fullbrook,26,58,false,false,1,true
887,Kristan,Rothwell,46,37,true,false,0,false
888,Siegfried,Padbery,13,14,false,false,0,false
889,Kore,Fenty,26,17,true,true,2,false
890,Issiah,Work,60,10,true,false,2,false
891,Darby,Doucette,59,26,false,false,0,false
892,Flor,Charte,30,25,false,false,0,false
893,Clarie,Coughlin,45,9,true,true,2,false
894,Mathe,Sibery,34,24,false,false,0,false
895,Dianne,Alben,36,44,false,false,1,true
896,Eva,Emeny,9,10,false,true,0,false
897,Collin,Pauly,45,50,true,true,0,false
898,Ashley,Balducci,44,28,false,true,1,false
899,Mab,Ivanov,53,50,true,true,1,false
900,Erwin,Reame,43,32,true,true,1,false
901,Papagena,Corrao,41,14,false,true,2,false
902,Morgan,Doerling,53,6,false,false,1,false
903,Valeria,Piscopo,42,56,false,false,0,false
904,Prescott,Leyban,33,23,false,false,0,false
905,Harcourt,Bruneton,30,22,true,true,1,false
906,Radcliffe,Castri,46,54,true,true,1,false
907,Theodosia,Tremelling,22,36,false,false,1,true
908,Clarie,Sango,18,28,false,false,2,false
909,Arlyne,Howieson,25,55,true,true,1,false
910,Vergil,Fieldgate,15,55,false,true,2,true
911,Alicea,Bownas,38,20,true,false,2,false
912,Dene,Spohr,26,45,false,false,1,true
913,Jacquette,Hovard,34,40,true,false,2,false
914,Orran,Hodgin,12,52,true,false,0,false
915,Sonny,Mountcastle,19,11,false,true,0,false
916,Emory,Kop,36,32,true,true,2,false
917,Catherina,Londors,45,51,false,true,0,false
918,Pammie,Riche,6,59,true,true,0,false
919,Johnathon,Pringour,42,24,false,true,0,false
920,Renato,Adess,55,38,false,false,1,true
921,Kim,Dunphie,40,18,true,false,2,false
922,Sianna,Patershall,23,53,true,true,2,false
923,Kevin,Brooke,38,33,true,false,2,false
924,Georgia,Marden,57,38,true,false,1,false
925,Raymond,Oxbrow,58,8,false,false,0,false
926,Lynda,Savell,15,5,false,true,2,false
927,Kattie,Russon,57,53,false,true,0,false
928,Eleanora,Dahlen,56,1,false,false,2,false
929,Rodi,Friend,32,57,true,false,0,false
930,Hilly,Cheng,11,5,true,false,0,false
931,Alejoa,Futcher,9,27,false,false,0,false
932,Willa,Dyte,46,58,true,false,0,false
933,Randi,Hatchard,5,57,true,true,1,false
934,Skippy,Bradbrook,6,51,false,false,0,false
935,Rubetta,Sobtka,55,37,false,false,1,true
936,Ingaberg,Renhard,54,41,false,false,2,true
937,Arlie,Fawssett,20,7,false,true,0,false
938,Orion,Fleming,4,7,false,false,0,false
939,Merrilee,Fenton,19,12,true,true,2,false
940,Alisha,Bazoche,19,14,true,true,0,false
941,Kelley,Di Biagi,45,49,true,false,0,false
942,Eadith,Hanrott,12,10,false,false,1,false
943,Quillan,Ruddy,4,60,false,false,0,false
944,Paxton,Naper,40,43,false,true,2,true
945,Bobette,Vicary,16,30,true,true,0,false
946,Keelia,Farnaby,53,29,true,false,0,false
947,Cos,Tollfree,18,30,false,true,2,false
948,Vanya,Skirving,44,17,false,false,2,false
949,Foster,Yakushkev,32,34,false,false,2,true
950,Wendell,Haliday,28,44,true,false,2,false
951,Ora,Cardew,14,39,false,true,2,true
952,Derby,Gowrich,51,47,false,false,2,true
953,Freddy,Ocklin,42,14,false,true,0,false
954,Dareen,Cullotey,60,54,true,true,1,false
955,Cirstoforo,Moloney,51,57,false,false,2,true
956,Drucill,Haire,45,18,true,true,0,false
957,Frazier,Allflatt,54,37,true,false,2,false
958,Alta,de Savery,39,6,false,false,2,false
959,Vitia,Jaquest,12,29,true,true,2,false
960,Rad,Totman,4,35,false,true,0,false
961,Goran,Bushrod,55,2,true,true,1,false
962,Stanwood,Etteridge,7,35,true,false,1,false
963,Gilda,Satterly,15,35,false,true,0,false
964,Drucie,Smorthwaite,59,55,true,false,0,false
965,Raquela,Risman,44,30,false,false,0,false
966,My,Nail,30,36,true,true,1,false
967,Onfre,Teaze,28,4,true,false,1,false
968,Marguerite,Filipov,48,57,false,false,1,true
969,Fabien,Frew,49,48,true,false,2,false
970,Modesty,Dumingo,31,9,false,true,2,false
971,Sherlocke,Crump,27,20,false,true,0,false
972,Camilla,Freear,40,56,false,true,2,true
973,Sylvia,de Clercq,47,6,true,true,1,false
974,Harold,Elstone,59,23,true,true,2,false
975,Reginauld,Valeri,2,48,true,false,1,false
976,Asher,Lamba,1,46,true,false,0,false
977,Jerri,Maasz,35,44,true,true,0,false
978,Janella,MacVicar,5,24,false,false,0,false
979,Aindrea,Varley,5,60,false,true,0,false
980,Valencia,De Roos,25,57,true,true,2,false
981,Yancey,Jeanel,59,17,true,false,0,false
982,Richie,Michele,14,45,false,true,1,true
983,Minnaminnie,Limb,57,25,false,true,1,false
984,Jorge,Kyngdon,19,4,true,false,2,false
985,Garold,Krause,37,58,true,false,2,false
986,Jermain,Osgarby,60,22,false,true,1,false
987,Jose,Stancer,2,34,true,true,1,false
988,Kendra,Jeannin,44,49,true,true,1,false
989,Fred,Pareman,55,9,true,true,2,false
990,Sybyl,Aukland,22,29,true,false,0,false
991,Nikos,Choppen,45,32,false,false,2,true
992,Montague,Chittim,32,1,false,false,2,false
993,Filbert,Murgatroyd,57,4,false,true,2,false
994,Curtice,Johansen,1,22,false,true,2,false
995,Holli,Devereux,30,26,true,true,1,false
996,Belva,Bednall,54,19,true,false,0,false
997,Sascha,Botley,28,37,false,false,1,true
998,Marya,Chatwood,27,20,false,false,1,false
999,Martino,Mossbee,35,37,true,true,2,false
1000,Standford,Belsham,57,51,true,true,1,false
