id,first_name,last_name,days_since_workshop,days_since_coaching,positive_manager_survey,positive_self_survey,missing_assignments
1,Yardley,Vango,11,36,false,false,2
2,Elsi,McIlheran,42,4,true,false,1
3,Zollie,Stivey,25,57,true,true,0
4,Benedetto,Kubek,41,51,false,true,2
5,Mari,Enrich,6,49,false,true,0
6,Carrie,Oolahan,15,5,true,false,1
7,Jobye,Ranahan,37,14,false,true,0
8,Karon,Harte,15,28,true,true,0
9,Sandi,Yaakov,50,14,false,true,1
10,Deeann,Storry,28,56,true,false,1
11,Melvin,Tillman,17,44,true,true,1
12,Israel,Bebis,38,16,false,false,2
13,Sonnie,Truse,23,5,false,false,1
14,Concettina,Hanscom,26,51,false,true,2
15,Alix,Itzchaky,39,2,false,true,2
16,Eliza,Cassius,7,48,true,true,1
17,Kathye,Wear,14,27,false,true,2
18,Burl,Cartman,48,25,true,false,1
19,Harriette,Piola,8,18,true,true,1
20,Heinrick,Dyte,24,36,true,true,0
21,Chryste,Ollerton,8,17,false,false,1
22,Jsandye,Slocombe,51,12,false,false,0
23,Curtice,Karle,56,32,false,true,0
24,Vincents,Bruin,24,39,true,true,2
25,Madel,Stolle,18,33,true,true,2
26,Nicolina,Daughtry,42,50,true,true,2
27,Danielle,Alpe,14,11,false,false,2
28,Koo,Dericot,4,29,true,false,2
29,Shane,Pynner,41,46,true,false,1
30,Andriana,Joule,17,41,true,false,2
31,Odele,Walklott,37,41,false,true,2
32,Farra,Longmaid,32,36,false,false,0
33,Eloisa,Kaaskooper,25,4,false,true,2
34,Ludovika,Covolini,42,47,true,false,1
35,Leila,Begin,39,38,true,true,2
36,Isidro,Bahls,53,34,true,true,0
37,Aldin,Danzey,47,16,true,false,2
38,Ailsun,Chesman,35,54,false,false,2
39,Karia,Reyes,13,8,false,true,0
40,Ninetta,Risom,16,3,false,false,0
41,Barnabe,Cowen,13,14,true,false,0
42,Ophelia,Gregorin,7,33,true,true,1
43,Fanchon,Quinn,37,20,true,true,1
44,Nikolia,Scrogges,32,28,true,false,2
45,Tynan,Muffen,37,52,false,true,0
46,Morgun,Van den Velden,47,57,false,true,1
47,Krystle,Connett,40,29,true,true,1
48,Leilah,Izaac,23,60,true,false,1
49,Berthe,MacNeish,28,26,true,false,0
50,Christy,Gleasane,22,51,false,false,0
51,Arie,Magor,17,15,true,false,2
52,Sabra,Glanister,38,46,true,true,2
53,Angel,Amps,2,8,false,true,1
54,Hillery,Staley,21,39,false,false,1
55,Floria,Starten,44,30,true,false,1
56,Alyson,Dagger,58,41,false,false,0
57,Webster,Malyj,41,58,true,true,1
58,Marrissa,Limrick,55,33,false,false,2
59,Emelen,Steggles,5,25,false,true,0
60,Ana,Kapelhof,55,16,true,true,1
61,Filberte,Kaesmakers,20,53,true,false,1
62,Langsdon,Howsin,25,22,true,false,2
63,Alika,Arnholz,48,34,true,false,0
64,Alvan,Dowson,10,14,true,true,2
65,Yvor,Westfield,42,20,true,false,0
66,Corilla,Hutchins,2,36,false,false,2
67,Uri,Casserly,39,10,true,true,0
68,Matthieu,Clissett,27,31,false,true,0
69,Oby,Kealy,43,43,true,false,0
70,Franklin,Ormonde,18,53,false,true,1
71,Corry,Jouhning,60,1,false,true,0
72,Kathie,Kewish,1,6,false,false,2
73,Bevan,Mapston,55,5,true,false,0
74,Myles,Guttridge,8,56,false,false,0
75,Taffy,Ivashchenko,24,23,false,false,1
76,Mame,Froment,47,24,false,false,2
77,Jessalin,Hupka,56,15,false,true,0
78,Jim,Murrison,37,7,true,true,0
79,Elmo,Hendrik,33,29,true,true,2
80,Theodoric,Fencott,43,54,false,false,0
81,Warde,Pordall,8,4,true,false,0
82,Gui,Saggs,30,18,true,true,0
83,Tarra,Sterke,35,21,false,false,1
84,Gleda,Blyde,26,2,false,false,0
85,Roosevelt,Serchwell,20,14,false,true,1
86,Kennan,Truggian,43,55,false,true,1
87,Ogdon,Aicken,54,19,false,false,2
88,Gerhardt,Danbye,57,28,true,true,1
89,Katharine,Mailes,48,7,false,true,1
90,Vite,Whittlesey,23,19,true,false,0
91,Lotti,Smorthit,23,8,true,false,2
92,Kaja,Thies,20,32,false,true,2
93,Ronny,Bosdet,20,6,false,true,2
94,Ira,Mochar,57,60,false,false,0
95,Georgie,Churchouse,5,48,true,false,1
96,Wernher,Libbie,15,55,false,false,1
97,Malvin,Kop,20,44,false,true,2
98,Netti,Riley,9,4,true,false,0
99,Ira,Micklem,44,9,true,true,1
100,Jarid,Gomm,24,26,true,false,2
101,Camala,Bolte,24,46,true,false,0
102,Hunt,Leavry,28,37,true,true,1
103,Chase,Hagwood,56,5,false,true,0
104,Eleanora,Cloonan,60,51,false,false,0
105,Lorri,Johansen,50,3,false,true,1
106,Kaja,Gwillyam,16,56,true,false,1
107,Edwin,Guenther,23,38,false,false,0
108,Ingram,Clogg,36,46,true,true,2
109,Gail,Jarrette,43,23,false,false,2
110,Cassandra,Trotman,12,52,true,true,2
111,Elroy,Corley,20,30,true,true,2
112,Melitta,Fettiplace,18,44,false,false,1
113,Veriee,Pellamont,23,32,false,false,1
114,Filippo,Hardwich,34,27,true,false,0
115,Corine,Daintree,5,20,true,true,2
116,Murvyn,Jeans,29,17,false,true,0
117,Torr,Reddoch,35,45,false,true,1
118,Hannis,Alvarado,30,22,true,true,1
119,Mady,Czyz,23,19,true,false,0
120,Silvana,Huc,28,8,true,false,2
121,Waverly,Palser,53,42,false,false,1
122,Verile,Janauschek,34,7,true,false,1
123,Dermot,Karlik,50,18,true,true,1
124,Elita,Maffezzoli,14,30,true,true,2
125,Haywood,McCay,55,9,true,true,0
126,Marina,Goolding,22,15,false,false,1
127,Lauree,Duffyn,16,44,false,true,1
128,Patience,Aizlewood,20,58,true,true,2
129,Anjela,Richens,14,51,false,false,2
130,Ardyth,Cleaver,56,6,true,true,2
131,Jori,Greswell,45,25,true,false,1
132,Kirbie,Salvador,15,48,false,true,1
133,Rollin,Holwell,27,56,true,false,2
134,Cathie,Mongain,54,49,true,false,1
135,Modesta,Wardhough,53,8,false,false,1
136,Rosalinda,Fuente,38,7,true,true,1
137,Rivalee,Ballendine,30,4,false,false,2
138,Vance,Kitlee,36,44,false,true,2
139,Daile,De Hooch,26,5,true,false,0
140,Austina,Lars,7,30,false,false,1
141,Blinni,Hubatsch,60,50,true,true,0
142,Franky,Trevett,47,53,true,false,1
143,Garik,Prando,23,20,true,true,1
144,Phylis,Addy,48,38,false,false,1
145,Kelsey,Smee,6,54,true,false,2
146,Rhiamon,Elster,58,13,true,true,2
147,Conn,Raubenheimers,12,15,false,true,0
148,Mickie,Londsdale,12,46,true,false,1
149,Aarika,Ainslee,50,36,true,true,0
150,Gardy,Stocks,37,3,true,true,0
151,Melisenda,Byard,16,42,false,true,0
152,Donica,Deuss,9,48,true,true,0
153,Gianna,Tatem,37,26,false,true,0
154,Stillman,Ruddock,6,60,true,false,0
155,Nichols,Oxterby,9,30,true,false,2
156,Merna,Bertelsen,13,6,false,true,1
157,Cirilo,Castagnasso,10,36,false,false,1
158,Angeli,Doward,7,52,true,false,2
159,Elisabet,Dakhno,41,5,true,true,0
160,Grover,Sunderland,37,35,true,false,1
161,Riane,Mealing,17,43,true,true,1
162,Sheffield,Shulver,52,12,true,true,1
163,Ewen,Doxey,26,35,true,false,2
164,Melisandra,Darcy,15,24,true,true,1
165,Lindi,Stolberger,7,58,false,false,1
166,Mair,Yaus,32,12,false,false,0
167,Selene,Farrear,52,39,false,true,2
168,Cassandre,Goodyear,40,4,false,false,2
169,Tamarah,Viegas,44,45,false,false,0
170,Brucie,Guille,25,60,false,false,1
171,Zebadiah,Emons,49,17,false,true,0
172,Sharon,Nappin,58,58,true,false,2
173,Giuseppe,Spondley,52,55,false,false,2
174,Dannel,Botham,20,51,true,false,0
175,Tobi,Glenister,38,21,true,true,0
176,Alexia,Stephens,43,56,false,true,0
177,Tiffany,Crickmore,10,19,false,false,1
178,Shelley,Rutherforth,10,41,false,false,2
179,Willie,Mulqueeny,57,4,true,false,2
180,Elissa,Metzel,37,27,false,true,1
181,Virgilio,Stow,44,42,true,true,1
182,Darell,Accomb,56,3,true,false,1
183,Pietrek,Parbrook,25,53,false,false,2
184,Marcelia,Gascard,36,54,false,false,2
185,Mort,Eyam,40,43,true,false,0
186,Garwood,Arrigo,20,30,true,true,1
187,Jed,Guerreiro,50,58,true,true,2
188,West,Larking,24,16,true,true,1
189,Tomas,Padillo,10,9,false,false,1
190,Margarethe,Salvage,24,37,false,false,1
191,Emery,Treherne,49,56,true,false,0
192,Raye,Prendergrass,33,36,true,true,0
193,Boyd,Polland,10,16,true,true,2
194,Neala,Stolberger,1,52,true,true,1
195,Theresa,Binyon,36,55,true,false,0
196,Kerr,Barthrop,51,54,true,true,0
197,Nanette,O'Flannery,51,58,false,false,2
198,Kaile,Trumpeter,58,53,true,false,2
199,Terri-jo,Tribe,21,31,false,true,0
200,Karalee,Scardifeild,32,46,false,true,2
201,Clement,Scutts,6,41,true,true,0
202,Winny,Hawlgarth,36,4,true,true,2
203,Gamaliel,Gifford,58,30,false,true,1
204,Meris,Wetherald,54,24,true,false,1
205,Waiter,Cartmail,51,2,false,false,0
206,Larissa,Ladell,46,38,false,true,0
207,Rochester,Andrat,19,11,false,true,1
208,Lark,Howling,24,18,true,false,0
209,Ian,Gleader,51,26,false,false,1
210,Janna,Kensitt,14,35,true,true,0
211,Corene,Brimblecomb,44,2,true,true,2
212,Noelle,Wrixon,9,7,true,true,2
213,Melva,Crosgrove,25,15,false,true,2
214,Nanny,Arboin,30,50,false,true,0
215,Tierney,Krolak,5,17,false,false,1
216,Averil,Offner,17,11,false,true,2
217,Raquel,Dennison,19,57,true,true,1
218,Etty,Vanin,21,23,true,false,1
219,Ruthie,Landrieu,4,35,true,false,1
220,Rowe,Evershed,52,54,false,false,2
221,Iormina,Powlett,52,8,true,false,0
222,Waverly,Statefield,35,60,true,true,0
223,Jacquie,Stevings,18,28,true,true,0
224,Leyla,Kinglake,39,3,false,false,0
225,Findley,Hoyes,2,11,false,true,0
226,Hyacinthie,Mirrlees,5,8,true,true,0
227,Pavla,Bing,13,20,false,false,2
228,Foss,Blackwell,45,52,true,false,1
229,Esra,Tod,23,47,true,false,0
230,Hynda,Iannuzzelli,10,28,true,false,1
231,Patrick,Twelves,23,5,true,false,0
232,Rozella,Martill,35,31,false,true,0
233,Tarrah,Davage,6,39,false,true,1
234,Shurwood,Salvadore,35,45,false,false,2
235,Cly,Poulett,54,39,false,false,2
236,Lanae,Grishunin,28,27,true,false,2
237,Tiff,Phear,4,8,true,true,2
238,Etan,Youel,18,56,true,false,1
239,Arly,Van de Castele,41,4,true,false,0
240,Pete,Rignall,59,37,false,true,2
241,Claribel,Slowan,41,29,false,false,1
242,Zeb,Rodolf,43,55,false,false,0
243,Shirlee,Treppas,26,32,false,false,0
244,Shaine,Mart,60,53,true,true,2
245,Katerine,Twells,40,21,false,false,1
246,Heloise,Cottesford,60,12,true,false,1
247,Kristofer,Pamment,31,1,true,true,2
248,Adolph,Eberle,11,37,false,false,0
249,Ede,Curme,5,49,true,false,1
250,Lorry,Randleson,22,56,false,false,0
251,Bryan,Burlingame,14,42,false,true,2
252,Saloma,Jirousek,19,45,false,true,2
253,Tadeo,Proud,3,60,true,true,2
254,Patten,Guiden,29,32,false,false,0
255,Denney,Tulip,53,28,true,true,2
256,Christina,Duplock,35,30,true,true,1
257,Donnell,Janssens,20,46,false,false,2
258,Norean,Flewan,58,26,false,true,1
259,Sanders,Wabb,22,36,false,false,0
260,Chick,Oiseau,41,28,false,false,0
261,Aaren,Jellicorse,56,22,false,true,2
262,Trace,Frostdicke,46,25,false,true,1
263,Cobb,Tattersill,43,43,false,true,1
264,Nathalie,Tomaszkiewicz,5,31,true,false,2
265,Darrell,Emmer,17,51,false,false,2
266,Alidia,MacGillacolm,56,57,true,true,0
267,Guglielmo,Truter,24,52,true,true,2
268,Nat,Lusk,40,40,true,false,0
269,Samaria,Fetherstonhaugh,48,6,false,true,2
270,Paola,Rowberry,41,58,true,false,2
271,Rutger,Harrap,55,44,true,false,2
272,Pamelina,McAw,58,31,false,false,0
273,Burr,Kabsch,45,37,false,true,0
274,Del,Clapham,5,46,true,false,1
275,Ruddy,Lovewell,25,36,false,false,1
276,Adelaida,Chatainier,39,41,false,true,1
277,Fredi,Murton,51,33,true,false,2
278,Joachim,Lindsell,7,9,false,true,1
279,Chantalle,Merring,50,58,true,true,2
280,Sayre,Willmont,29,25,true,false,0
281,Enid,Bursnell,34,3,true,false,1
282,Duff,Whitlaw,36,57,false,false,2
283,Jaquelyn,Lavallie,7,9,true,false,2
284,Aldrich,Butterwick,50,37,false,true,1
285,Jeffrey,Wardle,47,53,true,false,2
286,Violante,Philler,48,44,true,false,0
287,Yasmin,Teml,32,26,false,true,2
288,Alistair,Clappson,22,51,true,true,2
289,Ravi,Creeghan,53,5,false,false,2
290,Nealon,Statham,23,4,true,false,1
291,Holly,Shalloo,3,35,false,true,0
292,Alix,Lazer,33,16,true,false,0
293,Araldo,Wardlaw,59,15,true,true,1
294,Lora,Haill,6,35,false,false,1
295,Joanie,Dearman,51,33,true,false,2
296,Lilli,Hakewell,49,17,false,true,2
297,Aldwin,Espinos,19,37,false,true,0
298,Pauli,Cashmore,20,42,true,true,1
299,Flori,Fanton,15,53,false,false,1
300,Eugenie,Trayes,16,45,true,true,2
301,Daveta,Anthiftle,53,56,true,false,0
302,Stephine,Fellgate,33,40,true,false,2
303,Tracey,Bourner,1,50,true,true,0
304,Sergeant,Tomlett,13,14,false,false,2
305,Irina,Wileman,1,58,false,true,2
306,Carissa,Santore,39,30,false,true,1
307,Arlena,Flook,39,23,true,false,2
308,Jozef,McWhorter,11,36,true,true,1
309,Thom,Gluyus,6,31,true,false,0
310,Orion,Tickle,13,60,true,false,2
311,Cosette,Gerrels,9,29,true,true,1
312,Melony,Hackinge,23,11,true,true,1
313,Koo,Lashley,26,51,false,false,0
314,Bailey,Hellen,52,3,false,false,1
315,Kellie,Bichard,6,25,false,false,0
316,Joanie,Guitonneau,29,17,false,false,2
317,Micah,Rosbottom,55,51,true,true,0
318,Davina,Loynton,37,5,false,false,0
319,Audre,Wingfield,22,33,true,true,1
320,Tildi,Spratley,21,9,false,false,1
321,Ranique,Segges,40,16,true,false,1
322,Barnaby,Yuranovev,5,43,true,true,1
323,Tudor,Leadstone,44,58,true,true,1
324,Veronike,Teeney,5,53,true,false,0
325,Joya,Hayne,8,12,true,true,1
326,Leupold,Salvador,23,26,true,true,2
327,Freddy,Sabati,43,49,false,true,1
328,Kit,O'Teague,48,19,true,false,0
329,Elayne,Faiers,9,41,true,false,2
330,Liane,Jocelyn,22,34,false,true,2
331,Dur,Tweedlie,51,37,true,true,1
332,Harlene,Snarie,3,53,false,true,1
333,Fredelia,Dictus,48,47,false,false,0
334,Dulcea,Blackeby,2,45,true,true,2
335,Sergio,Boulstridge,19,10,true,true,0
336,Fernande,Joannic,47,31,false,false,1
337,Carter,Littleton,21,51,true,true,2
338,Ian,Penwright,9,54,false,true,2
339,Pancho,Bricket,39,33,false,false,0
340,Zane,Nurden,42,8,false,true,0
341,Krishna,Nassy,59,21,true,false,0
342,Elfie,Ferrieri,16,28,true,false,2
343,Murdoch,Choffin,32,5,false,true,0
344,Laura,Arman,13,44,false,false,0
345,Joe,Sobczak,2,35,true,false,0
346,Florentia,Mahedy,4,53,false,true,1
347,Donetta,Guiu,3,37,false,true,2
348,Helaine,Gillow,13,21,true,false,2
349,Pascal,Zuanelli,4,25,true,true,2
350,Kelsy,Mollene,15,41,false,true,1
351,Francisco,Chillingsworth,39,43,false,true,1
352,Bethina,Littlefield,11,14,true,true,2
353,Gratiana,Aicken,21,43,false,false,0
354,Jorie,Karolczyk,1,53,false,true,2
355,Keefer,Stitcher,14,46,true,false,1
356,Ivan,Tomas,43,26,false,false,0
357,Joscelin,Firpo,27,24,true,true,1
358,Aggie,McCosh,30,37,true,true,2
359,Darrin,Valentino,52,55,false,false,0
360,Esther,Klimko,54,11,false,false,0
361,Cammy,Calafato,28,19,true,false,1
362,Bibbie,Dammarell,50,56,true,false,0
363,Tiebout,Sawdy,44,18,false,true,1
364,Sisile,Savin,49,9,true,false,2
365,Willie,Fetherstonhaugh,55,18,false,true,0
366,Benjy,Llopis,24,56,true,false,2
367,Court,Cawthry,53,5,false,true,2
368,Jeremias,Tolossi,11,10,false,true,0
369,Vi,Sommerlie,2,12,false,true,0
370,Rubie,Celler,45,54,true,true,1
371,Brnaby,Wisdish,41,34,false,true,2
372,Hannie,Davidoff,32,47,true,true,0
373,Crista,Dollman,19,23,true,true,0
374,Rowen,Galliard,20,53,true,true,1
375,Minnnie,Hobbing,35,46,false,true,2
376,Anissa,Maroney,14,40,true,false,0
377,Baillie,Littrik,41,56,true,true,2
378,Sibylle,Missington,42,13,false,true,0
379,Durand,Hasslocher,26,40,true,false,1
380,Alisander,Petrak,21,38,false,true,2
381,Arturo,Boam,18,9,false,false,0
382,Curtice,Buttrick,45,31,false,true,2
383,Derrick,Mailes,57,47,false,false,2
384,Auroora,Clink,55,18,false,false,0
385,Sheffy,Fetherstan,60,14,false,true,1
386,Dianna,Mulqueeny,57,18,true,true,2
387,Mayne,Comport,60,14,false,true,2
388,Dian,Hyder,59,22,true,true,0
389,Paton,Parkeson,58,19,false,false,1
390,Magdalene,Sherington,46,56,false,false,0
391,Willy,Conroy,2,54,true,false,1
392,Aundrea,Croix,34,13,false,false,0
393,Quinn,Karolovsky,38,16,false,true,1
394,Inness,Crowdace,18,12,true,false,0
395,Dmitri,Currey,54,4,false,false,0
396,Anny,Ponceford,44,60,false,true,0
397,Isadora,Wenzel,29,52,false,true,0
398,Sumner,Joris,16,33,true,false,2
399,Dalt,Whisson,3,43,false,false,0
400,Bambi,Chaldecott,20,9,false,true,1
401,Carmelle,Kimmerling,35,44,false,true,2
402,Ambros,Kytter,40,39,true,false,1
403,Ryley,Glassopp,9,32,true,false,1
404,Halette,Ebunoluwa,46,51,true,true,0
405,Zared,Janauschek,59,48,true,true,0
406,Celinda,Filipyev,39,43,true,false,0
407,Frederigo,Fitzsymon,41,15,true,true,1
408,Bertram,Bryning,39,55,false,true,1
409,Bret,Prestidge,43,43,false,false,1
410,Arvy,Marcam,14,9,false,true,1
411,Penelope,Toten,4,51,true,true,1
412,Prentiss,Hartlebury,50,23,false,false,0
413,Christin,Shewan,13,15,true,true,2
414,Karena,Hawksby,29,18,true,false,2
415,Daniela,Boom,38,56,false,false,1
416,Clayborne,Blakesley,39,53,false,false,2
417,Leone,Curado,33,23,false,false,1
418,Heall,Perutto,28,2,false,false,1
419,Vidovic,Walworth,55,40,false,false,0
420,Rebeka,Kirman,30,30,false,false,0
421,Norah,Tuckwell,34,45,false,false,1
422,Carolann,Kellert,31,22,true,true,1
423,Tedda,Edlington,8,40,false,true,0
424,Kerrill,Fakes,43,31,true,false,2
425,Purcell,Tewkesbury.,25,15,false,true,0
426,Garnette,McCudden,53,21,true,true,2
427,Hurleigh,Cruden,60,15,true,true,2
428,Nappie,Jerwood,60,36,false,true,0
429,Adan,Hunnable,21,51,true,true,1
430,Cary,Hurst,47,24,true,false,0
431,Radcliffe,Caron,41,46,false,false,1
432,Dorey,Petre,6,35,false,false,1
433,Roxine,Rodwell,2,49,false,true,0
434,Bernice,Marjanovic,33,6,false,true,1
435,Russell,Coppard,4,41,false,true,1
436,Curcio,Parcells,49,49,true,true,1
437,Selia,Peirone,36,43,true,false,1
438,Paquito,Jenkin,50,44,true,false,0
439,Agnola,Ridge,23,26,true,false,0
440,Kati,Wickie,23,37,true,true,0
441,Robinetta,Uphill,56,51,false,true,0
442,Alfy,Gaucher,60,43,true,true,2
443,Tildi,Alastair,25,17,false,false,1
444,Roberta,Eakley,11,19,true,false,2
445,Joshuah,Abrahart,4,59,true,false,1
446,Vivyan,Jermey,32,8,true,true,1
447,Carley,Chillistone,34,59,true,false,0
448,Flori,Ridgwell,51,32,false,true,0
449,Margalo,Romer,38,6,true,true,2
450,Vanna,Storks,38,46,true,false,2
451,Kin,Rosenfelder,8,55,false,false,0
452,Hadleigh,Amberger,36,2,true,true,1
453,Alidia,Skill,52,14,true,true,0
454,Alessandra,Linguard,47,14,false,true,1
455,Son,Bridewell,42,32,false,false,2
456,Genvieve,Sutlieff,20,32,true,true,1
457,Belinda,Igo,35,25,true,false,1
458,Saidee,Mainstone,16,12,true,true,2
459,Maye,Bum,23,29,true,false,2
460,Genna,Essame,38,1,false,false,0
461,Alfie,Leatt,45,12,false,false,2
462,Ivie,Mongain,30,37,false,false,2
463,Duncan,Zimek,7,34,true,true,2
464,Moira,Riddeough,39,1,false,true,0
465,Carma,Volk,49,25,true,false,2
466,Sula,Fittes,19,57,false,false,2
467,Mirabel,Garrigan,29,4,true,true,1
468,Stephan,Strelitz,18,21,true,false,1
469,Ethelda,Dobrovsky,40,60,true,true,0
470,Eden,Pheasey,45,2,true,true,0
471,Ardys,Simeons,59,14,true,true,1
472,Meryl,Sowray,18,17,false,false,0
473,Amandy,Cussons,5,6,false,false,2
474,Lettie,Leport,3,16,true,false,2
475,Tiena,Revening,31,34,true,true,2
476,Berti,Rispine,44,29,true,true,2
477,Ileane,Niccolls,41,58,true,true,2
478,Marie-jeanne,Ashburner,43,36,false,false,2
479,Alonzo,Larwood,19,18,true,true,0
480,Tracee,Kimpton,42,33,true,true,1
481,Aviva,Radbone,19,5,false,true,2
482,Gillian,Battey,20,59,false,true,0
483,Kelci,Joannet,8,49,true,false,1
484,Merwin,Laxson,44,20,true,true,1
485,Bond,Janata,10,15,false,true,1
486,Shelton,Burrass,11,37,false,true,2
487,Pippa,Cosgry,10,41,true,false,1
488,Mic,Buye,7,45,false,true,1
489,Ainslee,Perton,17,53,true,false,2
490,Rockie,Pargiter,46,56,false,true,1
491,Bran,Holdworth,41,2,true,false,0
492,Barde,Demead,26,39,true,false,0
493,Kimberly,Joskowitz,22,26,false,true,1
494,Dario,Caras,38,13,true,false,2
495,Judon,Leroux,56,25,false,true,1
496,Horace,Poinsett,40,25,false,false,1
497,Dyanne,O'Crowley,34,45,false,false,0
498,Jolyn,Aartsen,42,44,true,false,0
499,Zollie,Holbury,41,59,false,false,2
500,Glory,Leehane,42,36,false,false,2
501,Donia,Foskett,18,49,true,false,2
502,Elnore,Bodemeaid,55,33,false,false,2
503,Ruby,Broe,26,2,true,false,1
504,Donavon,Borton,46,44,false,true,2
505,Donna,Rapport,39,46,true,true,1
506,Shelby,Henke,8,27,false,false,2
507,Rheta,Delort,37,41,true,false,0
508,Fremont,Pardie,59,43,true,false,0
509,Alyss,McKeeman,36,52,false,false,2
510,Codie,Matusov,55,14,true,false,1
511,Ximenez,Gardener,17,25,true,true,2
512,Farlee,Gounod,13,38,false,false,0
513,Sephira,Fardon,19,56,false,true,1
514,Earl,Shere,31,53,false,true,2
515,Deonne,Towle,9,35,false,false,1
516,Candis,Kissell,60,22,true,false,0
517,Raphaela,Gianninotti,49,52,true,true,2
518,Zelda,Joreau,38,15,true,true,0
519,Bernice,Giovanazzi,47,28,false,true,1
520,Tallie,Karsh,9,14,true,false,1
521,Rhea,Esplin,46,51,true,false,2
522,Cathyleen,Wisam,60,12,true,true,1
523,Valli,Grier,27,51,true,true,0
524,Isadora,MacParland,48,40,true,true,0
525,Raye,Rampling,43,15,true,true,2
526,Hunt,Eyam,32,60,false,false,1
527,Gale,Beverage,17,10,true,false,0
528,Pearce,Yoell,17,3,false,true,0
529,Bridie,Bance,10,17,true,true,2
530,Daisey,Simcock,55,13,false,false,1
531,Eal,Fullwood,58,10,true,false,2
532,Brittni,Gennerich,30,10,true,false,0
533,Gayel,Hufton,30,19,true,false,2
534,Kattie,Andriveaux,40,51,true,true,1
535,Adolphe,Hulance,19,57,true,true,1
536,Mikkel,Portwaine,38,39,true,false,2
537,Brendis,Orriss,2,33,true,false,0
538,Nesta,Runacres,5,56,true,true,1
539,Stoddard,D'Ambrosio,43,13,false,true,1
540,Bing,Joliffe,41,45,false,false,0
541,Brandon,Newe,32,58,true,false,1
542,Antons,Wetherell,48,55,true,true,2
543,Thatcher,Cluelow,11,34,false,false,0
544,Morgan,Freiberg,31,39,false,false,0
545,Sonja,Labes,37,57,true,false,1
546,Redd,Tutin,43,35,false,true,1
547,Lisle,Gyppes,10,9,true,true,0
548,Ray,Presser,47,56,true,false,1
549,Kaleena,Eldered,17,4,false,true,2
550,Nick,Grestye,8,15,true,false,0
551,Frannie,Spittall,40,23,true,false,0
552,Terrel,Alger,18,21,true,false,2
553,Lesli,Sarver,20,44,false,false,1
554,Bria,Fantin,7,23,true,true,1
555,Bartolemo,Konert,50,19,true,true,1
556,Cathe,Sante,22,34,false,true,2
557,Henrik,Weathey,34,1,false,false,2
558,Farrel,Seabrocke,23,44,true,true,2
559,Miriam,Hissett,41,41,false,false,2
560,Delilah,Filtness,9,4,false,false,2
561,Phineas,Pennuzzi,7,13,false,true,1
562,Lazar,Farenden,55,16,true,false,1
563,Anne,Beranek,13,43,false,true,0
564,Vasily,Bowditch,26,35,true,true,0
565,Kathryne,Matashkin,51,33,false,false,1
566,Viola,Flinders,27,46,false,true,1
567,Sheri,Tuffley,11,30,true,false,0
568,Eb,Kilmurray,15,50,false,false,2
569,Obediah,Peschmann,60,17,false,false,0
570,Angel,Pruvost,58,10,true,false,0
571,Rivalee,Plan,43,29,true,true,0
572,Rozelle,Learmount,3,9,true,true,1
573,Stanley,Driver,53,48,true,false,0
574,Rorie,Lammerich,42,60,false,true,0
575,Wallache,Abden,19,18,false,true,2
576,Eziechiele,Muress,43,29,true,true,2
577,Irwin,Duplan,52,35,true,true,2
578,Rolfe,Rate,17,6,false,false,0
579,Corbet,Gaspero,53,33,false,true,0
580,Rafaellle,Bexley,30,59,false,true,2
581,Arnie,Reynoldson,36,49,false,false,0
582,Marilin,Curling,53,18,true,false,1
583,Juliane,Gayle,23,7,true,false,1
584,Giuseppe,Arnot,41,56,true,true,1
585,Arabele,Cicco,30,28,false,true,1
586,Sharron,Lehrian,57,2,false,false,0
587,Dre,Wones,34,42,true,false,0
588,Phebe,Frangello,26,25,false,true,2
589,Germaine,Jaray,24,5,true,false,0
590,Marcela,McConigal,31,26,true,false,2
591,Vikki,Cureton,45,45,true,true,2
592,Stefano,Marshal,26,6,true,true,0
593,Sharron,Daveren,5,21,true,false,2
594,Querida,Ivanikhin,42,46,true,true,2
595,Westbrooke,Lyddiard,31,18,true,true,0
596,Kermie,Persse,23,13,true,false,0
597,Nikolai,Andriesse,20,47,true,true,1
598,Sayre,Maddie,43,35,true,false,0
599,Carolus,Nevin,38,42,true,true,1
600,Kennie,Dever,35,23,true,false,0
601,Dacy,Itschakov,25,16,false,true,0
602,Reece,Tasker,26,58,false,false,0
603,Alvera,Jullian,48,12,true,false,0
604,Normie,Bawles,25,6,false,false,2
605,Meris,Vanderplas,55,46,true,false,2
606,Staford,Leguey,13,26,true,false,2
607,Halie,Scranny,56,15,true,true,0
608,Merissa,Snowden,51,8,false,true,2
609,Viviene,Cancellieri,37,53,true,false,2
610,Krishna,Fishleigh,10,36,true,true,2
611,Garvy,Arnett,49,12,false,false,0
612,Mira,McCord,1,58,true,false,1
613,Tyrus,Elfes,50,6,false,false,2
614,Agnesse,Braemer,3,33,false,true,0
615,Bidget,Triner,43,24,true,false,0
616,Chelsy,Sherer,15,41,false,false,2
617,Salvador,Petch,18,3,true,false,1
618,Karna,Bach,57,16,false,false,0
619,Justinn,Innes,28,35,true,false,2
620,Fritz,McFfaden,39,32,false,true,1
621,Ettie,Rhys,26,2,false,true,2
622,Jeralee,Brandle,2,17,false,true,0
623,Elizabeth,Gitthouse,11,1,false,true,1
624,Padget,Tooke,35,9,true,false,0
625,Rodney,Dimic,53,57,true,false,0
626,Giavani,Cominello,31,5,true,true,1
627,Andee,Rochewell,48,32,false,false,1
628,Yoshi,Colloby,54,55,false,false,1
629,Coralie,Danilenko,46,18,true,false,0
630,Eugenius,Camelin,42,16,false,true,1
631,Emmet,Brogini,15,6,false,false,1
632,Kellina,Bleddon,2,38,true,false,2
633,Nicolis,Yitzowitz,28,31,false,false,1
634,Zahara,Blanpein,53,1,true,true,1
635,Fidelia,Carberry,52,2,true,true,2
636,Corrianne,Scrivens,7,16,true,true,2
637,Matthias,Moncaster,21,31,false,true,1
638,Sal,Maddock,9,12,false,true,2
639,Jen,Pigdon,43,25,true,false,0
640,Lilly,Wegman,23,39,false,false,0
641,Heath,Deards,60,1,false,false,0
642,Kaela,Beavington,10,44,false,true,1
643,Lind,McAllister,45,6,true,false,0
644,Amandie,Jossum,29,55,true,false,0
645,Chickie,Carlyon,25,43,true,true,0
646,Roseline,Sollam,7,36,false,false,2
647,Alexandro,Lehenmann,13,5,true,true,1
648,Davon,Simchenko,27,24,false,false,1
649,Maurise,Huet,7,7,false,false,0
650,Jamey,McIleen,32,30,true,true,1
651,Major,Gisbye,39,31,false,false,0
652,Juanita,Dever,18,25,true,true,1
653,Cyrillus,Klais,44,32,false,true,0
654,Nikki,House,42,18,true,false,1
655,Isabelle,MacFayden,6,58,false,false,0
656,Durand,Shreenan,55,9,true,true,0
657,Jaynell,Lowe,16,56,true,false,1
658,Alfy,Hanshawe,56,30,false,true,2
659,Arline,Stain,54,18,false,false,2
660,Caril,Choudhury,29,14,true,true,1
661,Darice,Betonia,35,2,false,false,1
662,Goddard,Dudson,43,42,true,true,0
663,Les,Sproul,23,18,false,false,0
664,Tamiko,Wheelan,48,15,false,true,2
665,Martynne,Futter,21,25,false,true,1
666,Floria,Ludl,55,13,true,true,2
667,Annadiane,Guppey,23,46,true,false,0
668,Pen,Forlonge,49,55,false,false,1
669,Meade,Boxen,16,29,true,false,2
670,Inga,Josh,16,17,true,false,0
671,Jacintha,Yegorov,39,46,false,false,2
672,Rob,Renault,32,41,true,false,0
673,Pebrook,Klimkowski,7,5,true,false,2
674,Davon,Wickerson,35,54,false,true,1
675,Luca,Cheatle,44,6,true,false,2
676,Wilden,Sommerville,28,33,false,true,0
677,Nona,Eyckel,57,33,false,true,0
678,Tate,Flewin,10,32,false,false,2
679,Roseanna,Oubridge,39,44,true,false,1
680,Meaghan,Burkill,22,8,false,true,1
681,Barry,Newens,37,18,true,false,0
682,Rayner,Brehault,2,8,true,false,1
683,Ceciley,Parbrook,5,38,false,true,1
684,Corabelle,Edgcombe,11,45,false,true,2
685,Lynnea,Lawey,55,35,true,true,1
686,Dari,Cessford,4,48,true,false,2
687,Isa,Record,20,9,true,false,1
688,Sigfrid,Armsby,36,52,false,true,0
689,Humbert,Coche,32,23,false,true,2
690,Elnora,Blundell,18,12,true,true,1
691,Chane,Lamblin,44,8,true,true,2
692,Cal,Mirfield,39,38,false,true,2
693,Nial,Andraud,18,40,false,false,0
694,Adaline,Behrens,51,59,false,true,0
695,Modestine,Crease,13,1,true,true,2
696,Maurice,Ruslin,57,46,false,true,1
697,Gerti,Bunney,13,47,false,false,1
698,Klemens,Glasspoole,33,24,true,false,0
699,Erda,Nevin,2,55,false,true,0
700,Cliff,Sandiford,45,38,false,true,0
701,Melva,Waldie,1,16,false,true,1
702,Lonnie,Bellchamber,25,16,false,true,2
703,Antoni,Stonman,37,12,true,true,1
704,Syd,Gash,10,35,true,false,0
705,Liuka,Levesque,42,1,false,true,1
706,Vina,Demchen,29,60,false,false,0
707,Heather,Hillan,13,20,false,false,2
708,Gloria,Dionis,55,60,true,true,1
709,Madeline,Strainge,54,9,false,true,0
710,Miquela,McClifferty,56,25,false,true,2
711,Fiorenze,Lynett,35,3,true,true,1
712,Carlotta,Willers,36,6,false,false,1
713,Tani,Boldison,28,38,false,true,2
714,Timmy,Glanister,8,18,false,false,1
715,Effie,Hargroves,42,40,true,false,1
716,Dulcinea,Petri,50,41,true,false,1
717,Alameda,Brixham,39,24,true,false,1
718,Nathan,Cumberpatch,13,51,false,true,1
719,Vivi,Ramsey,34,58,false,true,0
720,Rowen,Pettiford,23,48,true,false,1
721,Mirelle,Sidary,32,5,true,false,2
722,Madelina,Handrek,23,12,true,false,2
723,Joanie,Lade,55,41,false,false,2
724,Hughie,Wimbridge,35,27,true,true,0
725,Cthrine,Pulver,19,20,false,true,1
726,Aviva,Sexton,18,15,true,false,0
727,Chickie,Burel,57,19,false,false,0
728,Mylo,Reary,23,25,false,true,1
729,Sauncho,Funcheon,6,45,true,true,2
730,Thane,Spalton,28,49,false,true,0
731,Bobbie,Tubby,54,29,true,true,1
732,Leroi,Legging,49,53,true,true,1
733,Emmalynn,Manuelli,23,43,false,true,0
734,Joan,Urvoy,54,44,false,true,1
735,Levey,Moohan,45,29,false,true,0
736,Marylinda,Cunliffe,23,29,true,true,1
737,Katharyn,Ashfold,9,9,false,true,0
738,Raynell,Melmeth,60,32,true,true,1
739,Janeczka,Thomlinson,5,14,true,false,0
740,Boris,Douberday,43,1,true,false,2
741,Wilhelmine,Dyble,32,45,true,false,0
742,Petey,Costerd,32,58,true,false,0
743,Lu,Tysack,30,27,true,false,1
744,Brandise,Sancias,35,45,true,false,0
745,Olenka,Assiter,25,55,false,false,0
746,Terrye,Longhurst,1,57,true,true,2
747,Arther,Bendel,60,22,true,true,2
748,Mayer,Ivanitsa,34,26,true,true,2
749,Saunders,Whissell,12,51,false,true,2
750,Hilliard,Ruxton,37,47,true,true,2
751,Zane,MacAnellye,11,35,true,false,1
752,Elicia,Jasiak,22,1,false,false,2
753,Adelbert,Smoth,17,48,false,true,2
754,Orson,Scotchmur,58,4,true,false,2
755,Sidoney,McDougal,4,54,false,true,1
756,Robinetta,Hofler,49,37,true,true,2
757,Jasmine,Dalliston,44,8,true,false,1
758,Kennith,Pelz,45,54,false,false,1
759,Daron,Olivetti,15,8,true,true,1
760,Sibella,Gladstone,48,58,false,true,2
761,Goldarina,Veck,30,26,true,false,0
762,Lonnard,Billion,37,59,true,false,2
763,Aloisia,Seppey,4,18,true,false,2
764,Brigid,Toleman,58,12,false,true,0
765,Loralie,Ball,1,53,true,false,2
766,Kaine,Larkin,58,21,false,false,2
767,Thorndike,Alldis,4,10,false,true,2
768,Rhodie,Nodin,35,38,true,false,1
769,Lenora,Cahey,20,47,true,true,0
770,Claudie,Belcham,11,32,false,true,2
771,Serene,Alfonsetti,55,2,true,true,0
772,Pierce,Rawlings,25,55,false,false,0
773,Delano,Briar,20,50,true,false,0
774,Diego,Trustie,42,8,true,true,2
775,Judon,Brok,2,15,false,true,2
776,Jerald,Lillie,3,32,false,true,1
777,Anet,Brearley,56,57,false,true,0
778,Carl,Ansty,24,13,false,false,2
779,Dougie,Dyster,38,17,true,true,1
780,Tomaso,Sympson,19,20,false,false,1
781,Levin,Harse,57,16,true,false,1
782,Willamina,Morston,15,28,false,true,2
783,Luci,Diddams,30,17,true,false,1
784,Link,Ellings,32,23,false,true,0
785,Fields,Sleep,38,32,true,true,2
786,Edythe,McCombe,48,26,false,true,0
787,Stephanie,Culmer,32,32,true,false,2
788,Erda,Whannel,28,44,false,true,0
789,Silvie,Tomalin,38,23,true,false,2
790,Cherianne,Alldred,35,52,true,true,0
791,Krysta,Brosenius,59,30,true,true,2
792,Natty,Hentze,43,58,false,true,0
793,Beret,Ambrus,44,59,true,false,0
794,Sylas,Cussons,12,1,true,false,1
795,Gerianne,Klinck,19,17,true,true,0
796,Zarah,Ely,58,43,false,false,2
797,Veronike,Edgecumbe,44,24,false,true,0
798,Frederigo,Pedron,10,9,true,true,2
799,Charin,Rushton,18,38,true,false,2
800,Billie,Autin,28,35,false,false,0
801,Sibby,Hagerty,56,10,false,true,1
802,Delia,Eglese,38,42,true,false,2
803,Sam,Lorinez,7,31,false,true,2
804,Rudiger,Hounsom,52,49,false,true,0
805,Silvan,Klyner,30,36,false,false,2
806,Jarib,Drance,55,4,true,false,1
807,Daryn,Godfree,47,18,true,false,0
808,Clea,Clowney,38,15,true,true,2
809,Paige,Broadberrie,39,28,true,true,0
810,Creighton,Lethlay,23,30,false,false,2
811,Martica,Ummfrey,37,2,true,true,1
812,Jamal,Elsmore,46,25,false,true,1
813,Moyna,Ledeker,25,26,true,true,2
814,Cristal,Platfoot,13,21,false,true,1
815,Bessie,Macieja,36,25,true,false,0
816,Rebecca,Proudley,56,53,false,false,1
817,Phip,Belchamp,44,19,false,false,1
818,Veronike,Pittman,7,6,false,true,2
819,Gannon,Edworthye,60,32,false,true,1
820,Edd,Hawke,47,44,false,true,2
821,Collin,Nicholl,28,3,false,true,0
822,Marion,Muldoon,3,31,true,false,1
823,Jackelyn,Cahani,2,25,true,true,0
824,Free,McGreil,5,20,true,true,1
825,Minette,Kleinhausen,31,8,false,true,1
826,Gawain,Lidgett,25,47,true,true,1
827,Evangelina,Idel,54,57,true,true,0
828,Elena,Hadlee,41,21,true,true,1
829,Misty,Duker,38,53,true,true,1
830,Anni,Loads,18,1,true,true,1
831,Cecilio,Pionter,35,19,false,false,0
832,Myrta,Sewley,58,3,true,false,2
833,Aldridge,Zecchinelli,39,33,false,true,2
834,Grete,Allabush,9,45,false,false,0
835,Cherie,Canlin,52,41,false,true,1
836,Clarine,Simonutti,44,40,false,false,2
837,Rozina,Dossantos,13,28,true,false,2
838,Marilyn,Oxteby,10,59,true,true,0
839,Babita,Padkin,29,34,false,true,2
840,Matteo,Lawfull,31,4,false,true,1
841,Janice,Duckels,24,39,false,true,1
842,Roselia,Rousell,46,23,true,false,1
843,Marj,Tully,21,48,false,false,0
844,Shaylynn,St Quenin,23,27,true,false,2
845,Bram,Enderlein,41,45,true,true,1
846,Nataniel,Tolussi,16,16,true,true,0
847,Lorelei,Adamowitz,40,43,true,true,2
848,Garey,Mole,3,25,false,true,0
849,Levon,Gridley,38,18,false,false,0
850,Lorraine,Gemlett,19,37,true,false,2
851,Stevena,Scales,38,31,true,false,0
852,Demetre,Aharoni,59,40,true,false,0
853,Lewes,Ricoald,6,58,false,true,2
854,Alfie,Cain,38,9,true,true,0
855,Rora,Pruce,23,26,false,true,1
856,Finlay,Beevers,46,42,true,true,2
857,Claudie,Benardette,48,28,true,true,1
858,Joete,Mannock,8,9,true,false,1
859,Jeane,Rockwell,22,50,true,true,1
860,Fonz,Thurlbourne,43,43,false,true,1
861,Sergio,Koopman,18,21,false,false,1
862,Alyosha,Hearne,37,23,true,false,0
863,Granthem,Sergean,57,11,false,false,2
864,Avery,Warburton,50,47,true,false,0
865,Em,Halm,36,23,false,true,1
866,Sibby,Hovington,59,24,false,true,1
867,Kari,Elleton,10,32,true,true,2
868,Talbert,Hankard,20,55,false,true,1
869,Mallorie,Skepper,37,53,false,false,2
870,Moise,McDougald,54,36,true,true,2
871,Beniamino,Austin,3,40,false,false,1
872,Rickie,MacShirrie,21,29,true,false,2
873,Brena,Champney,51,23,false,true,1
874,Allyn,Simoens,38,56,true,true,1
875,Eben,Kellet,38,23,true,false,1
876,Beryle,Middleweek,30,18,false,true,0
877,Layton,Lawn,60,39,false,true,1
878,Davidson,Schrir,28,7,true,false,2
879,Diarmid,Bransgrove,54,29,false,false,1
880,Alfie,Grunnell,51,12,true,true,1
881,Marti,Wadley,15,52,false,false,2
882,Nobie,Blucher,32,19,true,true,2
883,Mellie,Pinckney,35,24,false,false,1
884,Brandice,Pic,11,45,true,false,1
885,Barbey,Duferie,48,49,false,true,1
886,Gwennie,Ashling,13,38,false,false,0
887,Thorny,Aldous,60,28,false,true,0
888,Stormi,Basil,57,17,false,true,2
889,Moselle,Kennally,26,3,false,false,1
890,Dannye,O' Molan,46,34,false,true,2
891,Courtenay,Causbey,32,44,true,false,1
892,Sloan,Tomblett,9,18,true,true,1
893,Bendix,Scurfield,5,41,false,false,2
894,Jacenta,Stidever,15,18,false,false,0
895,Corrie,Upchurch,13,15,false,false,1
896,Teri,Greenstreet,8,46,true,true,1
897,Dolores,Dunnico,48,8,false,true,0
898,Killian,Huxham,34,38,false,false,2
899,Eduino,Benet,47,3,true,true,1
900,Jordain,Malser,32,53,false,true,1
901,Kerrie,Windus,48,23,true,true,1
902,Natala,Northfield,44,25,false,true,0
903,Lurleen,D'Acth,47,13,false,true,2
904,Frederico,Steet,28,7,true,false,2
905,Wilow,Collingdon,33,51,true,false,0
906,Clemmy,Rigts,10,54,true,true,2
907,Gael,Dickings,41,13,true,true,2
908,Kenny,McCaster,40,5,true,true,2
909,Sheila,Checchetelli,16,7,true,true,1
910,Alvy,Trevenu,23,8,false,true,0
911,Warde,Golsthorp,60,31,true,true,0
912,Inger,Halbert,8,11,false,false,0
913,Rasla,Paling,29,39,true,false,0
914,Evita,Boddymead,14,40,false,false,2
915,Joletta,Rippen,21,54,false,false,1
916,Joscelin,Goodisson,49,14,false,false,0
917,Milicent,Beagrie,43,13,false,true,1
918,Melitta,Donnison,34,12,false,true,0
919,Dominick,Senecaux,5,24,true,false,1
920,Guthry,De Banke,20,57,false,false,2
921,Audi,Turrell,1,45,true,false,2
922,Vale,Stein,6,26,true,true,1
923,Melisse,Hyslop,32,29,false,true,1
924,Evelyn,Beels,11,55,false,true,2
925,Roderick,Feakins,58,58,false,true,2
926,Emelita,Owen,32,52,false,true,2
927,Annie,Mordaunt,42,20,false,false,1
928,Charlene,Roskrug,8,38,false,false,2
929,Kendell,Hollyer,60,23,false,true,0
930,Etti,McCuish,33,40,false,false,1
931,Milka,Bartholin,43,42,true,false,1
932,Shannan,Cornilleau,37,18,true,true,2
933,Eydie,Barkworth,53,28,false,true,1
934,Ora,Petrasso,17,38,true,false,0
935,Nanni,Severy,54,26,false,false,2
936,Fernande,Matias,16,8,true,true,0
937,Vinita,Rimmer,13,21,true,true,1
938,Roarke,Dumbrell,24,55,false,true,0
939,Noella,Snoddy,5,36,false,false,1
940,Wanids,Flower,30,59,false,false,1
941,Oates,Darington,49,57,false,false,0
942,Sergio,Wrench,40,24,false,false,2
943,Ashley,Matoshin,42,30,true,true,0
944,Roley,Labitt,9,35,false,false,1
945,Cleveland,Caen,18,42,false,true,0
946,Lynnet,Hendonson,18,57,false,true,0
947,Jeanne,Chamberlen,47,32,true,false,1
948,Alanah,Scholefield,9,53,true,false,0
949,Addie,Eberle,1,38,false,true,1
950,Myrwyn,Lathwell,19,15,false,true,0
951,Shoshana,Antliff,24,42,true,true,2
952,Vernen,Cicchelli,1,8,false,false,0
953,Booth,Geddes,6,56,false,false,1
954,Sandie,Jimmes,38,41,false,false,2
955,Pippa,Battell,34,54,false,true,2
956,Darcee,Rentenbeck,29,46,false,false,0
957,Salli,Footer,30,49,true,true,0
958,Elaine,Bryceson,31,59,true,false,1
959,Rhea,Simioni,7,8,false,false,0
960,Skippy,Hatfull,56,23,true,false,2
961,Glendon,Gumb,18,33,false,false,1
962,Miller,Thorowgood,15,19,false,false,1
963,Brittan,Christon,52,20,true,true,0
964,Babb,Iglesias,17,4,false,true,2
965,Rutledge,Gaffey,49,38,false,false,1
966,Wells,Tansill,22,26,false,true,0
967,Jamal,Vernay,35,51,false,false,2
968,Claudine,Pawfoot,58,1,false,true,1
969,Yves,Celes,25,28,false,false,0
970,Sheffie,Whitworth,16,59,false,false,2
971,Isador,Traylen,29,6,true,true,2
972,Wynn,Byne,6,42,false,true,2
973,Lay,Forsdike,48,41,false,false,2
974,Fred,Rishworth,13,46,true,false,1
975,Freddie,Goldby,56,38,false,true,2
976,Robinett,Kail,51,30,true,true,2
977,Emelia,Trathan,28,22,true,false,2
978,Wylma,Migheli,60,56,false,false,2
979,Kenn,Harfoot,20,48,true,false,2
980,Bonnibelle,Yesson,52,10,false,false,0
981,Cahra,Hinge,39,15,true,false,1
982,Emmye,Tackes,26,59,false,false,0
983,Heidie,Bearham,53,1,true,false,2
984,Sibylle,Bedenham,31,54,false,true,1
985,Ethyl,Dunkerly,22,23,false,false,1
986,Floria,Allen,55,4,false,true,0
987,Felicio,Moneti,47,39,true,true,0
988,Judas,Jolliman,44,56,false,false,2
989,Ellwood,Pye,35,9,false,true,2
990,Florence,Tomashov,47,9,false,false,2
991,Ilsa,Scibsey,43,24,true,true,0
992,Janka,Gossart,3,47,false,true,2
993,Liam,Frick,11,41,true,true,2
994,Nikki,Abbati,17,44,true,false,2
995,Merrill,Ternouth,41,54,false,false,1
996,Bea,Gidden,49,12,true,true,2
997,Walt,Barthot,24,2,true,false,0
998,Ulrica,Fundell,60,33,true,true,0
999,Natka,Rowen,4,45,true,false,0
1000,Ethelred,Linham,44,21,false,false,1
